user_id,group,revenue
1,A,1979.51
2,A,234.88
3,A,3748.82
4,A,459.94
5,A,123.85
6,A,135.47
7,A,1848.74
8,A,343.11
9,A,1036.02
10,A,282.08
11,A,583.44
12,A,444.46
13,A,28.99
14,A,82.26
15,A,1638.25
16,A,243.88
17,A,897.6
18,A,135.83
19,A,356.53
20,A,120.43
21,A,667.64
22,A,141.21
23,A,280.28
24,A,258.78
25,A,538.83
26,A,172.95
27,A,146.67
28,A,229.1
29,A,102.27
30,A,76.16
31,A,296.61
32,A,184.24
33,A,1059.37
34,A,113.46
35,A,60.41
36,A,253.82
37,A,83.31
38,A,1205.51
39,A,2112.24
40,A,210.1
41,A,972.66
42,A,794.96
43,A,2724.46
44,A,1317.46
45,A,706.22
46,A,491.81
47,A,588.85
48,A,146.5
49,A,476.01
50,A,751.18
51,A,1841.96
52,A,430.43
53,A,223.94
54,A,1370.73
55,A,191.21
56,A,2597.3
57,A,4723.45
58,A,1160.53
59,A,834.33
60,A,95.4
61,A,3456.83
62,A,267.72
63,A,299.17
64,A,152.18
65,A,1064.08
66,A,332.83
67,A,237.04
68,A,595.89
69,A,3400.21
70,A,421.59
71,A,113.85
72,A,182.03
73,A,242.46
74,A,112.16
75,A,304.35
76,A,494.03
77,A,351.95
78,A,386.72
79,A,392.11
80,A,224.52
81,A,105.75
82,A,721.25
83,A,121.08
84,A,1133.65
85,A,437.55
86,A,99.55
87,A,1585.26
88,A,1167.96
89,A,187.62
90,A,1059.81
91,A,433.46
92,A,971.58
93,A,491.27
94,A,1093.71
95,A,86.82
96,A,112.24
97,A,400.26
98,A,445.86
99,A,4410.14
100,A,869.04
101,A,423.66
102,A,269.43
103,A,3064.99
104,A,243.14
105,A,829.09
106,A,2936.63
107,A,91.35
108,A,174.2
109,A,441.87
110,A,530.92
111,A,87.88
112,A,125.91
113,A,105.67
114,A,3438.98
115,A,472.4
116,A,655.37
117,A,568.18
118,A,337.5
119,A,61.57
120,A,352.15
121,A,299.95
122,A,341.09
123,A,129.85
124,A,630.81
125,A,1961.88
126,A,353.42
127,A,1605.14
128,A,462.13
129,A,941.8
130,A,631.13
131,A,213.51
132,A,511.65
133,A,334.35
134,A,1383.71
135,A,585.18
136,A,167.4
137,A,681.03
138,A,250.25
139,A,2433.87
140,A,228.14
141,A,878.29
142,A,818.37
143,A,362.21
144,A,695.2
145,A,350.89
146,A,292.3
147,A,1601.05
148,A,36.8
149,A,145.3
150,A,400.83
151,A,1054.89
152,A,1102.63
153,A,177.66
154,A,1193.87
155,A,278.42
156,A,283.32
157,A,461.18
158,A,1720.94
159,A,222.61
160,A,410.24
161,A,43.94
162,A,663.93
163,A,91.16
164,A,1128.75
165,A,134.9
166,A,354.32
167,A,255.98
168,A,74.81
169,A,881.32
170,A,549.38
171,A,129.19
172,A,1295.99
173,A,390.13
174,A,66.46
175,A,231.8
176,A,503.18
177,A,730.54
178,A,973.7
179,A,1090.45
180,A,208.33
181,A,149.81
182,A,277.28
183,A,2624.55
184,A,1061.27
185,A,102.02
186,A,94.73
187,A,224.26
188,A,206.85
189,A,1111.53
190,A,250.74
191,A,98.96
192,A,184.57
193,A,558.24
194,A,291.85
195,A,617.46
196,A,199.21
197,A,304.25
198,A,173.43
199,A,136.42
200,A,136.95
201,A,1496.57
202,A,302.33
203,A,961.26
204,A,1241.59
205,A,133.68
206,A,200.07
207,A,383.33
208,A,51.61
209,A,2003.54
210,A,90.03
211,A,272.4
212,A,514.59
213,A,397.65
214,A,4998.53
215,A,102.82
216,A,134.96
217,A,1193.18
218,A,221.63
219,A,551.54
220,A,564.96
221,A,401.83
222,A,63.73
223,A,463.91
224,A,146.67
225,A,815.84
226,A,241.34
227,A,111.77
228,A,449.03
229,A,166.25
230,A,424.7
231,A,2743.34
232,A,66.55
233,A,2362.97
234,A,2443.4
235,A,279.0
236,A,50.59
237,A,1599.16
238,A,101.18
239,A,3052.05
240,A,160.78
241,A,280.84
242,A,385.96
243,A,236.73
244,A,1108.55
245,A,363.51
246,A,328.04
247,A,412.5
248,A,587.26
249,A,277.95
250,A,1998.21
251,A,380.73
252,A,58.92
253,A,227.21
254,A,76.24
255,A,1212.1
256,A,1080.12
257,A,2749.19
258,A,325.43
259,A,1212.33
260,A,695.65
261,A,4584.32
262,A,504.88
263,A,151.71
264,A,230.29
265,A,255.42
266,A,133.86
267,A,636.26
268,A,274.33
269,A,198.74
270,A,1025.92
271,A,935.85
272,A,1393.75
273,A,421.51
274,A,1026.13
275,A,583.56
276,A,227.11
277,A,1960.24
278,A,1331.74
279,A,2239.27
280,A,243.15
281,A,1999.74
282,A,1077.06
283,A,1070.19
284,A,987.0
285,A,127.5
286,A,189.94
287,A,839.79
288,A,319.62
289,A,71.13
290,A,1387.99
291,A,271.87
292,A,1043.86
293,A,171.58
294,A,466.52
295,A,503.23
296,A,293.8
297,A,254.01
298,A,105.23
299,A,97.9
300,A,1057.4
301,A,156.88
302,A,241.21
303,A,508.9
304,A,25.71
305,A,2553.25
306,A,30.72
307,A,1319.73
308,A,518.33
309,A,304.33
310,A,100.7
311,A,1932.37
312,A,655.56
313,A,874.98
314,A,1804.82
315,A,275.23
316,A,443.75
317,A,43.01
318,A,572.98
319,A,88.58
320,A,2168.48
321,A,485.75
322,A,293.63
323,A,208.05
324,A,964.8
325,A,211.25
326,A,98.09
327,A,284.11
328,A,34.16
329,A,604.22
330,A,610.08
331,A,776.55
332,A,736.91
333,A,229.21
334,A,266.31
335,A,494.34
336,A,113.28
337,A,402.94
338,A,316.11
339,A,925.93
340,A,1057.32
341,A,286.46
342,A,165.2
343,A,1545.79
344,A,1603.69
345,A,232.77
346,A,361.6
347,A,773.84
348,A,2509.85
349,A,168.68
350,A,1267.45
351,A,543.8
352,A,68.76
353,A,333.21
354,A,1225.84
355,A,1552.25
356,A,503.57
357,A,1289.16
358,A,1348.56
359,A,515.6
360,A,181.84
361,A,689.64
362,A,1089.06
363,A,220.24
364,A,235.3
365,A,251.22
366,A,606.33
367,A,560.87
368,A,430.78
369,A,322.52
370,A,129.11
371,A,38.38
372,A,313.54
373,A,105.56
374,A,1713.71
375,A,440.56
376,A,1413.64
377,A,1325.85
378,A,138.64
379,A,341.33
380,A,187.99
381,A,1098.72
382,A,184.91
383,A,146.93
384,A,90.92
385,A,84.2
386,A,136.3
387,A,224.39
388,A,660.93
389,A,276.7
390,A,483.6
391,A,152.5
392,A,2548.23
393,A,142.55
394,A,133.9
395,A,71.69
396,A,424.92
397,A,546.29
398,A,1855.68
399,A,106.43
400,A,222.07
401,A,74.3
402,A,265.87
403,A,65.74
404,A,521.23
405,A,323.02
406,A,17.36
407,A,2104.01
408,A,42.2
409,A,5050.53
410,A,5617.08
411,A,426.23
412,A,1534.71
413,A,176.82
414,A,1544.28
415,A,449.17
416,A,519.02
417,A,117.01
418,A,247.0
419,A,438.26
420,A,806.05
421,A,1642.23
422,A,426.72
423,A,183.62
424,A,303.5
425,A,992.65
426,A,376.03
427,A,902.44
428,A,6151.05
429,A,343.82
430,A,484.87
431,A,144.23
432,A,199.91
433,A,1669.9
434,A,284.98
435,A,3557.09
436,A,256.17
437,A,888.16
438,A,496.43
439,A,572.6
440,A,834.53
441,A,11534.16
442,A,501.78
443,A,372.46
444,A,928.71
445,A,192.2
446,A,2418.18
447,A,294.76
448,A,711.52
449,A,817.22
450,A,1108.81
451,A,574.85
452,A,221.36
453,A,2202.08
454,A,281.96
455,A,1075.19
456,A,471.75
457,A,196.15
458,A,1463.83
459,A,102.36
460,A,104.81
461,A,597.45
462,A,863.24
463,A,773.4
464,A,503.25
465,A,160.74
466,A,818.65
467,A,529.96
468,A,271.84
469,A,476.03
470,A,309.6
471,A,465.7
472,A,384.0
473,A,518.41
474,A,205.34
475,A,818.26
476,A,317.33
477,A,37.84
478,A,178.4
479,A,119.89
480,A,357.46
481,A,90.43
482,A,543.31
483,A,653.96
484,A,225.35
485,A,383.92
486,A,716.4
487,A,1626.98
488,A,6149.06
489,A,6322.01
490,A,242.1
491,A,1094.89
492,A,1037.44
493,A,909.38
494,A,2004.15
495,A,429.81
496,A,11796.05
497,A,263.95
498,A,950.7
499,A,238.05
500,A,647.32
501,A,1281.61
502,A,65.15
503,A,282.72
504,A,147.81
505,A,153.49
506,A,369.61
507,A,509.19
508,A,885.75
509,A,290.75
510,A,442.3
511,A,347.42
512,A,3694.43
513,A,483.24
514,A,499.87
515,A,196.28
516,A,1140.59
517,A,461.78
518,A,3231.04
519,A,195.81
520,A,1110.01
521,A,2062.81
522,A,162.95
523,A,34651.25
524,A,111.88
525,A,72.26
526,A,901.28
527,A,114.54
528,A,103.89
529,A,505.73
530,A,455.54
531,A,714.39
532,A,1413.06
533,A,1156.02
534,A,487.52
535,A,6140.48
536,A,730.09
537,A,251.41
538,A,745.64
539,A,1278.44
540,A,295.49
541,A,404.53
542,A,416.73
543,A,411.63
544,A,343.59
545,A,772.49
546,A,620.72
547,A,231.01
548,A,147.16
549,A,487.51
550,A,604.05
551,A,824.16
552,A,209.7
553,A,657.27
554,A,537.45
555,A,1435.57
556,A,714.54
557,A,2764.46
558,A,2120.75
559,A,323.86
560,A,1269.19
561,A,601.86
562,A,737.58
563,A,2051.25
564,A,1192.78
565,A,228.1
566,A,550.46
567,A,657.18
568,A,524.51
569,A,779.38
570,A,534.49
571,A,241.54
572,A,1158.99
573,A,379.55
574,A,115.85
575,A,564.22
576,A,117.06
577,A,627.18
578,A,256.06
579,A,567.82
580,A,578.36
581,A,240.59
582,A,55.46
583,A,250.28
584,A,60.52
585,A,165.91
586,A,195.15
587,A,296.29
588,A,223.69
589,A,1021.92
590,A,1824.47
591,A,421.09
592,A,80.45
593,A,333.51
594,A,15.69
595,A,790.9
596,A,258.3
597,A,386.24
598,A,209.26
599,A,208.6
600,A,1605.7
601,A,693.39
602,A,655.83
603,A,3877.72
604,A,248.81
605,A,55.16
606,A,39.58
607,A,3257.93
608,A,887.54
609,A,967.05
610,A,364.94
611,A,97.92
612,A,472.91
613,A,70.79
614,A,1264.67
615,A,1441.83
616,A,341.6
617,A,657.78
618,A,221.7
619,A,569.27
620,A,579.66
621,A,513.52
622,A,1034.89
623,A,734.95
624,A,297.39
625,A,386.66
626,A,2054.95
627,A,649.41
628,A,99.56
629,A,6504.49
630,A,152.91
631,A,67.55
632,A,147.27
633,A,201.36
634,A,290.22
635,A,369.99
636,A,534.62
637,A,2735.74
638,A,233.97
639,A,327.03
640,A,1537.62
641,A,3696.47
642,A,819.21
643,A,646.51
644,A,1462.46
645,A,516.03
646,A,76.05
647,A,209.89
648,A,237.72
649,A,132.38
650,A,118.49
651,A,318.81
652,A,735.14
653,A,371.92
654,A,572.46
655,A,352.33
656,A,2491.4
657,A,418.16
658,A,536.9
659,A,1239.3
660,A,35.89
661,A,387.0
662,A,1404.43
663,A,89.72
664,A,166.11
665,A,100.44
666,A,396.62
667,A,671.42
668,A,1634.76
669,A,117.45
670,A,64.54
671,A,3118.7
672,A,1347.59
673,A,467.05
674,A,121.7
675,A,925.6
676,A,123.47
677,A,26.26
678,A,1032.69
679,A,797.06
680,A,1128.84
681,A,365.95
682,A,874.43
683,A,2608.07
684,A,279.08
685,A,664.34
686,A,588.35
687,A,664.53
688,A,60.73
689,A,583.23
690,A,1336.76
691,A,387.99
692,A,251.08
693,A,237.94
694,A,704.66
695,A,577.69
696,A,3098.47
697,A,377.71
698,A,105.3
699,A,1247.61
700,A,1184.08
701,A,108.37
702,A,10.97
703,A,1952.66
704,A,740.19
705,A,323.73
706,A,301.52
707,A,346.13
708,A,342.72
709,A,549.32
710,A,809.28
711,A,317.23
712,A,370.38
713,A,1679.2
714,A,364.13
715,A,312.72
716,A,172.87
717,A,1390.43
718,A,78.87
719,A,62.62
720,A,363.01
721,A,453.96
722,A,271.31
723,A,350.45
724,A,222.78
725,A,1109.17
726,A,360.09
727,A,69.16
728,A,3841.25
729,A,189.17
730,A,870.14
731,A,351.72
732,A,929.52
733,A,2635.14
734,A,69.53
735,A,1416.71
736,A,680.58
737,A,716.34
738,A,2275.71
739,A,1359.07
740,A,151.62
741,A,364.67
742,A,175.66
743,A,3808.86
744,A,394.3
745,A,224.98
746,A,272.0
747,A,658.27
748,A,2770.14
749,A,151.56
750,A,376.39
751,A,86.47
752,A,830.12
753,A,2726.9
754,A,720.85
755,A,2953.8
756,A,202.56
757,A,155.97
758,A,294.33
759,A,1100.97
760,A,1327.78
761,A,950.21
762,A,245.16
763,A,431.31
764,A,97.4
765,A,187.32
766,A,595.33
767,A,58.41
768,A,111.09
769,A,1053.38
770,A,238.56
771,A,176.02
772,A,105.84
773,A,247.96
774,A,1131.14
775,A,8947.5
776,A,720.33
777,A,461.27
778,A,231.65
779,A,940.98
780,A,263.77
781,A,210.47
782,A,276.06
783,A,97.07
784,A,308.72
785,A,144.51
786,A,1314.85
787,A,594.56
788,A,186.84
789,A,158.91
790,A,222.55
791,A,81.23
792,A,1526.45
793,A,2341.36
794,A,67.52
795,A,105.54
796,A,367.92
797,A,202.65
798,A,1043.81
799,A,422.53
800,A,1505.93
801,A,848.86
802,A,255.65
803,A,193.57
804,A,366.67
805,A,220.46
806,A,107.49
807,A,205.65
808,A,169.95
809,A,46.81
810,A,437.61
811,A,2576.92
812,A,74.64
813,A,180.35
814,A,249.92
815,A,471.94
816,A,1124.85
817,A,272.74
818,A,1154.53
819,A,270.06
820,A,273.4
821,A,210.91
822,A,734.91
823,A,349.39
824,A,586.49
825,A,460.03
826,A,384.06
827,A,412.05
828,A,260.24
829,A,178.42
830,A,250.1
831,A,493.88
832,A,13.33
833,A,1721.02
834,A,651.22
835,A,993.63
836,A,321.54
837,A,2541.52
838,A,520.87
839,A,210.2
840,A,410.8
841,A,452.63
842,A,144.61
843,A,91.9
844,A,194.95
845,A,153.34
846,A,1226.15
847,A,118.71
848,A,170.83
849,A,298.27
850,A,400.92
851,A,284.31
852,A,241.12
853,A,125.5
854,A,1413.56
855,A,326.41
856,A,80.04
857,A,498.21
858,A,129.03
859,A,422.73
860,A,444.01
861,A,6295.37
862,A,165.73
863,A,535.36
864,A,557.18
865,A,1658.62
866,A,943.67
867,A,2132.56
868,A,868.92
869,A,3027.49
870,A,75.16
871,A,465.54
872,A,213.82
873,A,530.6
874,A,190.32
875,A,598.58
876,A,263.63
877,A,288.24
878,A,732.0
879,A,451.9
880,A,426.61
881,A,931.7
882,A,1327.54
883,A,1457.78
884,A,1048.04
885,A,179.69
886,A,878.31
887,A,370.51
888,A,965.7
889,A,287.35
890,A,899.95
891,A,205.42
892,A,640.95
893,A,522.34
894,A,757.79
895,A,2582.13
896,A,109.47
897,A,515.2
898,A,625.81
899,A,2158.6
900,A,1743.58
901,A,674.12
902,A,148.8
903,A,814.54
904,A,86.1
905,A,375.05
906,A,1550.74
907,A,241.58
908,A,4731.42
909,A,6275.7
910,A,67.42
911,A,603.32
912,A,1830.48
913,A,242.93
914,A,405.27
915,A,200.76
916,A,204.59
917,A,224.07
918,A,166.74
919,A,297.6
920,A,269.58
921,A,580.45
922,A,786.02
923,A,205.61
924,A,193.21
925,A,142.01
926,A,259.64
927,A,244.97
928,A,426.67
929,A,87.36
930,A,712.2
931,A,405.24
932,A,517.22
933,A,845.48
934,A,77.7
935,A,260.45
936,A,133.65
937,A,435.88
938,A,288.76
939,A,455.28
940,A,1201.45
941,A,1573.26
942,A,1537.04
943,A,528.1
944,A,789.7
945,A,667.86
946,A,179.01
947,A,1248.57
948,A,410.72
949,A,999.47
950,A,253.38
951,A,87.47
952,A,872.26
953,A,124.55
954,A,611.89
955,A,975.72
956,A,480.59
957,A,2921.81
958,A,77.71
959,A,140.4
960,A,567.71
961,A,612.96
962,A,2292.43
963,A,304.32
964,A,350.85
965,A,762.08
966,A,1727.82
967,A,85.99
968,A,159.87
969,A,44.81
970,A,276.39
971,A,244.18
972,A,345.48
973,A,914.31
974,A,237.63
975,A,644.71
976,A,587.08
977,A,343.86
978,A,282.06
979,A,832.7
980,A,24.91
981,A,898.4
982,A,84.71
983,A,2042.15
984,A,1280.12
985,A,312.01
986,A,1003.93
987,A,172.35
988,A,194.2
989,A,135.93
990,A,130.75
991,A,1044.17
992,A,881.58
993,A,2399.12
994,A,367.05
995,A,39.6
996,A,396.1
997,A,1426.72
998,A,193.35
999,A,543.09
1000,A,1186.71
1001,A,1165.37
1002,A,296.54
1003,A,184.65
1004,A,169.46
1005,A,405.08
1006,A,268.41
1007,A,655.35
1008,A,662.41
1009,A,909.18
1010,A,764.13
1011,A,2156.92
1012,A,860.92
1013,A,943.29
1014,A,526.59
1015,A,29.93
1016,A,121.68
1017,A,826.26
1018,A,1291.65
1019,A,563.84
1020,A,290.48
1021,A,111.67
1022,A,232.29
1023,A,718.56
1024,A,1485.96
1025,A,579.05
1026,A,224.45
1027,A,3815.91
1028,A,1134.23
1029,A,142.08
1030,A,31.84
1031,A,2838.23
1032,A,538.96
1033,A,1431.85
1034,A,757.77
1035,A,4011.17
1036,A,3304.53
1037,A,2722.85
1038,A,991.81
1039,A,701.15
1040,A,495.98
1041,A,1800.62
1042,A,1070.02
1043,A,567.29
1044,A,107.87
1045,A,386.4
1046,A,230.4
1047,A,823.03
1048,A,1010.72
1049,A,1110.3
1050,A,299.43
1051,A,343.47
1052,A,297.68
1053,A,1103.11
1054,A,153.37
1055,A,780.2
1056,A,245.53
1057,A,145.25
1058,A,605.75
1059,A,904.9
1060,A,824.71
1061,A,93.43
1062,A,815.37
1063,A,537.44
1064,A,526.03
1065,A,283.35
1066,A,623.24
1067,A,2988.89
1068,A,101.09
1069,A,153.78
1070,A,532.81
1071,A,590.13
1072,A,44.87
1073,A,143.03
1074,A,363.31
1075,A,314.26
1076,A,337.75
1077,A,94.12
1078,A,54.85
1079,A,134.89
1080,A,400.0
1081,A,3003.35
1082,A,219.56
1083,A,52.04
1084,A,115.45
1085,A,625.49
1086,A,3309.14
1087,A,209.12
1088,A,39.13
1089,A,207.65
1090,A,872.9
1091,A,174.82
1092,A,979.4
1093,A,409.68
1094,A,106.15
1095,A,2212.24
1096,A,139.79
1097,A,117.26
1098,A,3234.06
1099,A,543.23
1100,A,451.29
1101,A,600.96
1102,A,847.2
1103,A,1720.1
1104,A,382.42
1105,A,683.03
1106,A,165.1
1107,A,9.74
1108,A,225.77
1109,A,478.83
1110,A,101.21
1111,A,2961.05
1112,A,303.1
1113,A,7095.96
1114,A,2439.25
1115,A,413.4
1116,A,1673.41
1117,A,9.24
1118,A,358.85
1119,A,169.87
1120,A,197.76
1121,A,171.91
1122,A,687.79
1123,A,911.0
1124,A,109.47
1125,A,1332.67
1126,A,556.98
1127,A,1280.28
1128,A,148.78
1129,A,159.53
1130,A,1470.58
1131,A,59.77
1132,A,1214.28
1133,A,1247.2
1134,A,1379.92
1135,A,906.85
1136,A,476.41
1137,A,256.5
1138,A,540.44
1139,A,530.31
1140,A,360.59
1141,A,34.4
1142,A,172.57
1143,A,874.77
1144,A,122.06
1145,A,292.22
1146,A,403.74
1147,A,1858.17
1148,A,913.35
1149,A,980.35
1150,A,298.63
1151,A,1262.67
1152,A,396.76
1153,A,74.67
1154,A,176.61
1155,A,1330.01
1156,A,570.73
1157,A,26.67
1158,A,1827.2
1159,A,249.54
1160,A,2828.56
1161,A,273.3
1162,A,372.25
1163,A,928.49
1164,A,1617.2
1165,A,875.36
1166,A,404.07
1167,A,490.69
1168,A,6301.22
1169,A,1129.16
1170,A,264.74
1171,A,384.53
1172,A,206.38
1173,A,1358.67
1174,A,472.55
1175,A,1028.75
1176,A,520.86
1177,A,648.17
1178,A,3566.77
1179,A,1658.62
1180,A,135.18
1181,A,599.75
1182,A,247.51
1183,A,521.49
1184,A,1698.75
1185,A,685.96
1186,A,865.02
1187,A,173.75
1188,A,309.82
1189,A,928.59
1190,A,377.14
1191,A,101.87
1192,A,591.74
1193,A,955.13
1194,A,381.56
1195,A,373.43
1196,A,263.07
1197,A,278.82
1198,A,295.19
1199,A,1114.26
1200,A,340.12
1201,A,24.88
1202,A,198.19
1203,A,391.15
1204,A,420.12
1205,A,4164.28
1206,A,1054.94
1207,A,133.61
1208,A,205.34
1209,A,253.23
1210,A,1087.63
1211,A,343.25
1212,A,173.99
1213,A,220.46
1214,A,606.06
1215,A,679.72
1216,A,3343.29
1217,A,1276.75
1218,A,132.11
1219,A,2100.48
1220,A,769.54
1221,A,52.28
1222,A,149.79
1223,A,603.12
1224,A,329.07
1225,A,541.27
1226,A,808.1
1227,A,180.64
1228,A,2064.16
1229,A,243.63
1230,A,560.82
1231,A,241.04
1232,A,988.97
1233,A,349.42
1234,A,522.6
1235,A,517.22
1236,A,159.55
1237,A,46.61
1238,A,189.27
1239,A,201.38
1240,A,200.12
1241,A,116.8
1242,A,546.49
1243,A,212.89
1244,A,644.9
1245,A,134.51
1246,A,236.58
1247,A,389.59
1248,A,120.26
1249,A,862.71
1250,A,226.46
1251,A,168.13
1252,A,220.05
1253,A,93.85
1254,A,618.45
1255,A,335.5
1256,A,1051.65
1257,A,596.97
1258,A,407.5
1259,A,94.8
1260,A,557.83
1261,A,1346.56
1262,A,737.08
1263,A,236.53
1264,A,1763.93
1265,A,408.16
1266,A,219.49
1267,A,2721.72
1268,A,1676.74
1269,A,64.21
1270,A,493.41
1271,A,68.45
1272,A,591.5
1273,A,209.93
1274,A,199.18
1275,A,350.63
1276,A,665.21
1277,A,134.01
1278,A,1336.72
1279,A,149.65
1280,A,192.12
1281,A,1459.66
1282,A,132.63
1283,A,720.27
1284,A,2629.69
1285,A,567.67
1286,A,231.32
1287,A,175.8
1288,A,526.81
1289,A,1801.75
1290,A,113.79
1291,A,123.46
1292,A,149.21
1293,A,286.73
1294,A,1584.12
1295,A,525.53
1296,A,50.48
1297,A,264.48
1298,A,702.72
1299,A,810.79
1300,A,8547.28
1301,A,2125.14
1302,A,315.34
1303,A,573.39
1304,A,758.04
1305,A,65.09
1306,A,2512.12
1307,A,53.68
1308,A,3589.26
1309,A,91.85
1310,A,259.06
1311,A,65.88
1312,A,228.76
1313,A,100.13
1314,A,67.86
1315,A,396.31
1316,A,332.07
1317,A,87.77
1318,A,392.76
1319,A,500.34
1320,A,491.78
1321,A,290.07
1322,A,1326.14
1323,A,1002.53
1324,A,412.61
1325,A,660.72
1326,A,293.64
1327,A,726.34
1328,A,542.64
1329,A,971.3
1330,A,1149.11
1331,A,327.11
1332,A,120.21
1333,A,190.34
1334,A,67.05
1335,A,486.02
1336,A,65.13
1337,A,622.24
1338,A,277.02
1339,A,355.61
1340,A,2349.29
1341,A,381.92
1342,A,198.77
1343,A,235.74
1344,A,102.97
1345,A,531.06
1346,A,59.7
1347,A,924.8
1348,A,240.18
1349,A,207.87
1350,A,613.63
1351,A,188.55
1352,A,324.49
1353,A,505.42
1354,A,76.18
1355,A,153.87
1356,A,2233.53
1357,A,43.89
1358,A,208.78
1359,A,577.64
1360,A,730.77
1361,A,165.75
1362,A,1175.2
1363,A,1831.75
1364,A,378.58
1365,A,393.48
1366,A,220.35
1367,A,309.76
1368,A,214.86
1369,A,233.32
1370,A,421.68
1371,A,77.02
1372,A,396.83
1373,A,109.44
1374,A,271.39
1375,A,1568.57
1376,A,46.13
1377,A,436.34
1378,A,782.14
1379,A,3437.47
1380,A,1060.25
1381,A,3298.06
1382,A,370.82
1383,A,596.78
1384,A,1663.65
1385,A,128.29
1386,A,113.27
1387,A,29.48
1388,A,46.42
1389,A,180.52
1390,A,258.03
1391,A,1047.46
1392,A,345.41
1393,A,454.1
1394,A,328.31
1395,A,53.86
1396,A,99.59
1397,A,492.86
1398,A,36.51
1399,A,282.05
1400,A,843.56
1401,A,154.79
1402,A,1178.5
1403,A,407.22
1404,A,920.17
1405,A,228.33
1406,A,1055.8
1407,A,767.09
1408,A,176.16
1409,A,173.68
1410,A,421.55
1411,A,1954.75
1412,A,659.76
1413,A,4257.17
1414,A,392.12
1415,A,1459.0
1416,A,82.37
1417,A,49.09
1418,A,282.72
1419,A,381.59
1420,A,136.74
1421,A,779.97
1422,A,291.55
1423,A,369.45
1424,A,3011.34
1425,A,291.03
1426,A,578.75
1427,A,764.77
1428,A,644.91
1429,A,680.84
1430,A,108.25
1431,A,471.87
1432,A,204.59
1433,A,915.61
1434,A,245.19
1435,A,2747.8
1436,A,1933.91
1437,A,752.32
1438,A,59.57
1439,A,186.05
1440,A,303.53
1441,A,349.82
1442,A,332.85
1443,A,56.89
1444,A,447.65
1445,A,567.08
1446,A,3276.01
1447,A,2526.62
1448,A,284.51
1449,A,656.15
1450,A,529.26
1451,A,202.02
1452,A,179.59
1453,A,650.87
1454,A,335.9
1455,A,195.24
1456,A,317.83
1457,A,194.87
1458,A,1226.98
1459,A,8101.98
1460,A,735.73
1461,A,324.37
1462,A,120.58
1463,A,383.5
1464,A,151.44
1465,A,5090.0
1466,A,512.8
1467,A,440.53
1468,A,106.45
1469,A,163.29
1470,A,54.05
1471,A,594.37
1472,A,223.58
1473,A,804.65
1474,A,276.6
1475,A,313.72
1476,A,911.58
1477,A,77.75
1478,A,1798.18
1479,A,505.26
1480,A,802.81
1481,A,247.63
1482,A,898.54
1483,A,1427.58
1484,A,876.91
1485,A,445.08
1486,A,373.41
1487,A,326.18
1488,A,323.42
1489,A,1575.57
1490,A,178.29
1491,A,771.25
1492,A,73.7
1493,A,77.7
1494,A,206.34
1495,A,205.0
1496,A,33.87
1497,A,353.75
1498,A,472.45
1499,A,432.7
1500,A,411.74
1501,A,403.91
1502,A,161.71
1503,A,800.8
1504,A,410.02
1505,A,504.0
1506,A,320.06
1507,A,1112.15
1508,A,109.82
1509,A,495.03
1510,A,642.64
1511,A,877.55
1512,A,875.62
1513,A,266.23
1514,A,148.42
1515,A,231.82
1516,A,157.48
1517,A,346.78
1518,A,229.18
1519,A,573.41
1520,A,264.11
1521,A,2233.12
1522,A,352.79
1523,A,239.94
1524,A,226.5
1525,A,43.46
1526,A,1298.91
1527,A,1182.52
1528,A,755.53
1529,A,195.6
1530,A,2748.94
1531,A,387.79
1532,A,49.49
1533,A,154.93
1534,A,275.23
1535,A,236.73
1536,A,76.2
1537,A,142.43
1538,A,237.21
1539,A,499.48
1540,A,580.7
1541,A,627.19
1542,A,759.28
1543,A,43.92
1544,A,3430.37
1545,A,507.28
1546,A,444.16
1547,A,558.98
1548,A,439.24
1549,A,186.38
1550,A,127.3
1551,A,114.48
1552,A,740.17
1553,A,71.7
1554,A,171.66
1555,A,979.35
1556,A,261.48
1557,A,614.47
1558,A,91.22
1559,A,174.26
1560,A,1054.36
1561,A,284.66
1562,A,1120.74
1563,A,155.42
1564,A,517.5
1565,A,1038.77
1566,A,1654.81
1567,A,962.0
1568,A,211.16
1569,A,322.52
1570,A,291.59
1571,A,367.88
1572,A,103.94
1573,A,6437.21
1574,A,93.02
1575,A,1151.94
1576,A,916.56
1577,A,574.32
1578,A,253.93
1579,A,457.83
1580,A,1949.54
1581,A,269.13
1582,A,368.46
1583,A,355.27
1584,A,225.31
1585,A,2746.86
1586,A,113.83
1587,A,462.34
1588,A,1806.47
1589,A,813.03
1590,A,110.82
1591,A,278.79
1592,A,458.22
1593,A,88.16
1594,A,1766.62
1595,A,532.99
1596,A,488.65
1597,A,1414.01
1598,A,430.66
1599,A,119.37
1600,A,275.16
1601,A,817.16
1602,A,176.81
1603,A,146.63
1604,A,380.36
1605,A,157.33
1606,A,1168.16
1607,A,117.17
1608,A,483.24
1609,A,1298.82
1610,A,739.27
1611,A,1394.22
1612,A,179.78
1613,A,53.4
1614,A,372.15
1615,A,283.94
1616,A,1450.2
1617,A,636.39
1618,A,1764.76
1619,A,185.78
1620,A,562.24
1621,A,903.45
1622,A,270.1
1623,A,488.08
1624,A,367.58
1625,A,3405.89
1626,A,212.72
1627,A,298.33
1628,A,1131.23
1629,A,241.79
1630,A,836.53
1631,A,590.35
1632,A,186.92
1633,A,3190.02
1634,A,448.13
1635,A,291.11
1636,A,1391.32
1637,A,117.07
1638,A,230.16
1639,A,151.72
1640,A,62.3
1641,A,240.87
1642,A,467.59
1643,A,143.2
1644,A,630.34
1645,A,143.76
1646,A,924.41
1647,A,163.06
1648,A,238.58
1649,A,331.42
1650,A,461.01
1651,A,391.02
1652,A,72.33
1653,A,286.42
1654,A,378.5
1655,A,287.22
1656,A,904.19
1657,A,597.06
1658,A,499.64
1659,A,796.45
1660,A,890.53
1661,A,474.36
1662,A,894.28
1663,A,473.51
1664,A,346.62
1665,A,1928.72
1666,A,280.78
1667,A,1813.97
1668,A,286.88
1669,A,1418.75
1670,A,908.37
1671,A,3301.07
1672,A,967.95
1673,A,159.99
1674,A,455.37
1675,A,1506.1
1676,A,1846.13
1677,A,2695.15
1678,A,402.61
1679,A,647.78
1680,A,257.58
1681,A,309.52
1682,A,618.59
1683,A,1000.61
1684,A,516.94
1685,A,458.29
1686,A,106.45
1687,A,2081.91
1688,A,280.4
1689,A,290.73
1690,A,21.29
1691,A,963.36
1692,A,412.88
1693,A,158.82
1694,A,266.1
1695,A,1896.83
1696,A,633.38
1697,A,952.47
1698,A,645.65
1699,A,1936.29
1700,A,274.64
1701,A,156.42
1702,A,165.71
1703,A,834.25
1704,A,335.27
1705,A,4146.77
1706,A,457.77
1707,A,344.38
1708,A,41.2
1709,A,1291.83
1710,A,572.01
1711,A,893.76
1712,A,223.8
1713,A,1004.83
1714,A,824.31
1715,A,67.81
1716,A,720.09
1717,A,32.27
1718,A,1745.74
1719,A,589.52
1720,A,208.61
1721,A,984.68
1722,A,1599.28
1723,A,1076.78
1724,A,135.95
1725,A,695.99
1726,A,967.09
1727,A,499.51
1728,A,36.35
1729,A,203.07
1730,A,614.78
1731,A,114.57
1732,A,1084.81
1733,A,847.16
1734,A,1023.47
1735,A,144.86
1736,A,402.01
1737,A,12.27
1738,A,817.73
1739,A,557.81
1740,A,3789.55
1741,A,3253.3
1742,A,589.65
1743,A,170.88
1744,A,839.19
1745,A,160.62
1746,A,1202.61
1747,A,527.76
1748,A,1085.6
1749,A,351.65
1750,A,297.24
1751,A,408.57
1752,A,218.88
1753,A,172.74
1754,A,645.05
1755,A,336.93
1756,A,182.66
1757,A,173.41
1758,A,320.85
1759,A,1280.04
1760,A,517.41
1761,A,529.08
1762,A,147.5
1763,A,985.64
1764,A,258.97
1765,A,1462.79
1766,A,206.01
1767,A,468.24
1768,A,5542.51
1769,A,960.25
1770,A,1894.55
1771,A,1299.17
1772,A,22.51
1773,A,808.08
1774,A,1208.36
1775,A,92.32
1776,A,2002.15
1777,A,1824.7
1778,A,43.44
1779,A,250.39
1780,A,528.86
1781,A,253.84
1782,A,717.74
1783,A,109.22
1784,A,2117.31
1785,A,1379.53
1786,A,878.3
1787,A,672.5
1788,A,255.53
1789,A,274.3
1790,A,190.37
1791,A,148.91
1792,A,2249.76
1793,A,1443.32
1794,A,643.2
1795,A,105.82
1796,A,1021.41
1797,A,975.84
1798,A,319.96
1799,A,129.55
1800,A,699.98
1801,A,131.58
1802,A,215.96
1803,A,290.08
1804,A,527.22
1805,A,82.31
1806,A,953.6
1807,A,444.59
1808,A,1279.36
1809,A,546.24
1810,A,61.2
1811,A,541.59
1812,A,977.68
1813,A,72.98
1814,A,823.83
1815,A,4540.35
1816,A,432.61
1817,A,534.47
1818,A,306.46
1819,A,673.79
1820,A,448.4
1821,A,155.72
1822,A,350.38
1823,A,158.55
1824,A,345.47
1825,A,97.99
1826,A,1001.57
1827,A,2895.15
1828,A,94.04
1829,A,117.5
1830,A,248.09
1831,A,279.87
1832,A,463.81
1833,A,77.47
1834,A,895.89
1835,A,188.19
1836,A,330.24
1837,A,10143.94
1838,A,215.12
1839,A,1687.75
1840,A,231.49
1841,A,32.55
1842,A,48.37
1843,A,253.41
1844,A,165.5
1845,A,198.98
1846,A,64.85
1847,A,69.16
1848,A,294.02
1849,A,294.2
1850,A,399.14
1851,A,211.45
1852,A,231.06
1853,A,1015.35
1854,A,271.26
1855,A,725.6
1856,A,1922.26
1857,A,615.82
1858,A,1984.67
1859,A,153.11
1860,A,285.15
1861,A,554.14
1862,A,479.02
1863,A,2583.89
1864,A,156.87
1865,A,873.77
1866,A,1503.09
1867,A,1290.21
1868,A,142.04
1869,A,442.81
1870,A,215.38
1871,A,147.25
1872,A,706.12
1873,A,340.95
1874,A,877.84
1875,A,662.72
1876,A,201.27
1877,A,595.07
1878,A,202.03
1879,A,223.5
1880,A,3511.59
1881,A,1004.35
1882,A,401.45
1883,A,84.84
1884,A,800.41
1885,A,159.66
1886,A,26.4
1887,A,512.33
1888,A,1395.75
1889,A,413.74
1890,A,713.21
1891,A,1136.25
1892,A,1964.08
1893,A,831.49
1894,A,533.29
1895,A,204.82
1896,A,227.03
1897,A,231.22
1898,A,1077.71
1899,A,3853.31
1900,A,308.85
1901,A,159.08
1902,A,139.86
1903,A,1361.73
1904,A,414.3
1905,A,299.24
1906,A,1059.32
1907,A,711.58
1908,A,401.78
1909,A,479.55
1910,A,283.98
1911,A,760.11
1912,A,43.31
1913,A,100.44
1914,A,380.87
1915,A,1128.24
1916,A,390.01
1917,A,90.83
1918,A,27.03
1919,A,453.22
1920,A,1400.06
1921,A,1118.75
1922,A,97.36
1923,A,1785.73
1924,A,58.74
1925,A,261.36
1926,A,123.73
1927,A,531.06
1928,A,77.11
1929,A,256.74
1930,A,1588.7
1931,A,267.11
1932,A,180.36
1933,A,309.08
1934,A,417.49
1935,A,1051.28
1936,A,747.11
1937,A,653.27
1938,A,205.86
1939,A,1008.23
1940,A,860.9
1941,A,1401.91
1942,A,299.42
1943,A,349.24
1944,A,3961.15
1945,A,123.55
1946,A,292.18
1947,A,994.59
1948,A,107.07
1949,A,608.62
1950,A,284.95
1951,A,817.66
1952,A,443.41
1953,A,1323.59
1954,A,1859.95
1955,A,650.75
1956,A,258.36
1957,A,79.02
1958,A,428.19
1959,A,232.92
1960,A,199.76
1961,A,426.22
1962,A,253.53
1963,A,752.29
1964,A,324.72
1965,A,413.14
1966,A,6166.53
1967,A,521.25
1968,A,824.2
1969,A,713.4
1970,A,758.02
1971,A,969.01
1972,A,216.32
1973,A,393.09
1974,A,222.62
1975,A,176.43
1976,A,789.42
1977,A,381.58
1978,A,113.24
1979,A,442.99
1980,A,450.45
1981,A,166.77
1982,A,381.19
1983,A,4181.87
1984,A,701.13
1985,A,352.1
1986,A,21.65
1987,A,569.19
1988,A,440.22
1989,A,899.59
1990,A,983.37
1991,A,273.61
1992,A,677.6
1993,A,403.87
1994,A,370.0
1995,A,355.27
1996,A,209.56
1997,A,470.64
1998,A,1080.08
1999,A,206.94
2000,A,54.16
2001,A,112.38
2002,A,302.64
2003,A,134.88
2004,A,392.99
2005,A,86.99
2006,A,817.54
2007,A,1005.54
2008,A,79.46
2009,A,2375.18
2010,A,149.5
2011,A,78.11
2012,A,845.47
2013,A,1910.54
2014,A,55.17
2015,A,447.04
2016,A,107.07
2017,A,198.5
2018,A,1195.76
2019,A,2246.81
2020,A,954.88
2021,A,386.96
2022,A,1468.61
2023,A,1605.45
2024,A,1375.11
2025,A,957.79
2026,A,1554.74
2027,A,1100.55
2028,A,87.94
2029,A,1165.2
2030,A,50.18
2031,A,47.12
2032,A,427.59
2033,A,768.87
2034,A,182.31
2035,A,2354.06
2036,A,486.82
2037,A,108.2
2038,A,122.09
2039,A,1079.62
2040,A,2234.99
2041,A,1110.49
2042,A,308.83
2043,A,77.89
2044,A,87.08
2045,A,144.42
2046,A,735.24
2047,A,1419.64
2048,A,3168.76
2049,A,430.51
2050,A,289.67
2051,A,578.43
2052,A,531.83
2053,A,279.78
2054,A,743.7
2055,A,942.55
2056,A,838.48
2057,A,122.92
2058,A,2759.88
2059,A,553.28
2060,A,64.48
2061,A,2368.35
2062,A,1872.17
2063,A,198.76
2064,A,239.04
2065,A,585.82
2066,A,580.26
2067,A,277.44
2068,A,106.96
2069,A,62.25
2070,A,4186.26
2071,A,677.42
2072,A,1452.93
2073,A,281.09
2074,A,110.37
2075,A,80.98
2076,A,1841.13
2077,A,225.75
2078,A,119.82
2079,A,320.31
2080,A,78.78
2081,A,186.54
2082,A,1177.25
2083,A,1041.85
2084,A,269.86
2085,A,172.46
2086,A,293.22
2087,A,367.93
2088,A,455.84
2089,A,1715.12
2090,A,1075.95
2091,A,644.1
2092,A,58.09
2093,A,463.99
2094,A,654.38
2095,A,136.29
2096,A,255.07
2097,A,856.48
2098,A,180.3
2099,A,1775.43
2100,A,335.09
2101,A,571.57
2102,A,780.63
2103,A,146.31
2104,A,39.1
2105,A,895.04
2106,A,41.51
2107,A,234.22
2108,A,313.62
2109,A,1262.72
2110,A,186.58
2111,A,787.77
2112,A,302.03
2113,A,549.98
2114,A,750.91
2115,A,610.42
2116,A,162.79
2117,A,112.57
2118,A,217.02
2119,A,457.38
2120,A,959.54
2121,A,491.59
2122,A,1821.29
2123,A,187.76
2124,A,3443.14
2125,A,392.44
2126,A,740.82
2127,A,1116.98
2128,A,223.76
2129,A,337.0
2130,A,883.15
2131,A,168.17
2132,A,166.38
2133,A,233.49
2134,A,145.94
2135,A,2872.88
2136,A,601.64
2137,A,439.41
2138,A,71.31
2139,A,464.48
2140,A,696.15
2141,A,404.08
2142,A,947.38
2143,A,1806.03
2144,A,78.99
2145,A,303.75
2146,A,1055.7
2147,A,266.23
2148,A,760.24
2149,A,536.37
2150,A,187.7
2151,A,690.19
2152,A,442.79
2153,A,868.61
2154,A,415.66
2155,A,284.67
2156,A,107.51
2157,A,1082.44
2158,A,234.24
2159,A,401.9
2160,A,5411.4
2161,A,206.89
2162,A,2629.39
2163,A,64.88
2164,A,663.51
2165,A,146.83
2166,A,986.6
2167,A,227.67
2168,A,833.58
2169,A,367.62
2170,A,288.82
2171,A,75.9
2172,A,991.61
2173,A,217.05
2174,A,246.09
2175,A,215.39
2176,A,447.0
2177,A,2106.65
2178,A,253.05
2179,A,443.02
2180,A,535.26
2181,A,115.9
2182,A,250.21
2183,A,826.11
2184,A,261.82
2185,A,86.8
2186,A,196.3
2187,A,1760.72
2188,A,220.77
2189,A,731.13
2190,A,69.96
2191,A,876.01
2192,A,578.76
2193,A,1394.08
2194,A,66.6
2195,A,1635.56
2196,A,214.48
2197,A,617.01
2198,A,238.9
2199,A,352.82
2200,A,1685.46
2201,A,382.4
2202,A,709.6
2203,A,341.91
2204,A,164.89
2205,A,121.88
2206,A,1260.73
2207,A,81.83
2208,A,418.19
2209,A,409.15
2210,A,640.62
2211,A,210.1
2212,A,549.22
2213,A,40.88
2214,A,1096.16
2215,A,77.33
2216,A,179.55
2217,A,507.47
2218,A,193.39
2219,A,868.04
2220,A,160.23
2221,A,602.81
2222,A,245.45
2223,A,105.59
2224,A,287.29
2225,A,1349.79
2226,A,314.61
2227,A,667.31
2228,A,529.83
2229,A,488.71
2230,A,83.91
2231,A,216.75
2232,A,869.2
2233,A,393.12
2234,A,295.14
2235,A,109.75
2236,A,933.29
2237,A,239.39
2238,A,794.94
2239,A,248.34
2240,A,732.53
2241,A,379.53
2242,A,178.57
2243,A,299.67
2244,A,513.27
2245,A,27.27
2246,A,602.27
2247,A,1402.99
2248,A,517.48
2249,A,2205.17
2250,A,674.07
2251,A,205.14
2252,A,31.59
2253,A,468.75
2254,A,181.3
2255,A,1840.84
2256,A,72.56
2257,A,1498.02
2258,A,1627.43
2259,A,466.41
2260,A,851.11
2261,A,21.18
2262,A,166.67
2263,A,159.5
2264,A,592.95
2265,A,98.97
2266,A,313.75
2267,A,133.37
2268,A,369.59
2269,A,612.91
2270,A,1344.82
2271,A,421.01
2272,A,135.48
2273,A,1252.21
2274,A,154.55
2275,A,90.47
2276,A,88.29
2277,A,392.91
2278,A,602.68
2279,A,233.99
2280,A,2437.86
2281,A,84.24
2282,A,47.03
2283,A,469.52
2284,A,1779.73
2285,A,2261.59
2286,A,1626.61
2287,A,1993.92
2288,A,85.65
2289,A,458.9
2290,A,93.88
2291,A,145.14
2292,A,130.86
2293,A,942.0
2294,A,225.12
2295,A,1471.7
2296,A,122.24
2297,A,374.2
2298,A,1583.13
2299,A,1160.46
2300,A,556.51
2301,A,1335.26
2302,A,169.37
2303,A,221.5
2304,A,381.52
2305,A,284.11
2306,A,130.85
2307,A,811.64
2308,A,1376.81
2309,A,289.12
2310,A,332.27
2311,A,1310.43
2312,A,180.43
2313,A,2424.33
2314,A,95.17
2315,A,745.59
2316,A,183.23
2317,A,284.79
2318,A,523.78
2319,A,476.24
2320,A,168.17
2321,A,1736.02
2322,A,373.89
2323,A,2101.28
2324,A,343.51
2325,A,280.87
2326,A,1765.75
2327,A,577.83
2328,A,1679.41
2329,A,288.61
2330,A,449.33
2331,A,722.83
2332,A,2865.11
2333,A,450.63
2334,A,149.92
2335,A,1221.35
2336,A,146.54
2337,A,276.85
2338,A,1104.23
2339,A,963.72
2340,A,803.18
2341,A,695.09
2342,A,385.87
2343,A,412.81
2344,A,374.95
2345,A,597.77
2346,A,141.63
2347,A,442.72
2348,A,239.48
2349,A,1019.57
2350,A,443.46
2351,A,188.59
2352,A,47.89
2353,A,2958.63
2354,A,335.99
2355,A,75.37
2356,A,758.72
2357,A,624.55
2358,A,684.39
2359,A,1710.64
2360,A,133.31
2361,A,253.94
2362,A,1641.07
2363,A,2174.95
2364,A,143.52
2365,A,125.18
2366,A,236.42
2367,A,555.83
2368,A,620.85
2369,A,71.75
2370,A,722.47
2371,A,1628.33
2372,A,552.17
2373,A,242.5
2374,A,524.37
2375,A,83.15
2376,A,587.73
2377,A,82.42
2378,A,646.03
2379,A,219.13
2380,A,107.75
2381,A,143.03
2382,A,306.76
2383,A,322.71
2384,A,6110.49
2385,A,875.02
2386,A,2157.83
2387,A,93.01
2388,A,2023.06
2389,A,2364.8
2390,A,2964.71
2391,A,916.39
2392,A,58.41
2393,A,334.82
2394,A,1054.9
2395,A,92.37
2396,A,1694.26
2397,A,1318.8
2398,A,2378.95
2399,A,522.46
2400,A,2842.14
2401,A,58.38
2402,A,1809.97
2403,A,613.47
2404,A,199.74
2405,A,271.64
2406,A,202.66
2407,A,605.4
2408,A,567.78
2409,A,299.07
2410,A,184.7
2411,A,38.17
2412,A,64.3
2413,A,154.39
2414,A,353.65
2415,A,302.44
2416,A,168.2
2417,A,2330.0
2418,A,48.7
2419,A,2434.15
2420,A,1159.35
2421,A,1413.67
2422,A,331.47
2423,A,44.92
2424,A,395.82
2425,A,101.46
2426,A,1303.74
2427,A,31.73
2428,A,290.68
2429,A,631.71
2430,A,34.69
2431,A,154.11
2432,A,195.38
2433,A,817.2
2434,A,6979.84
2435,A,25.37
2436,A,209.86
2437,A,376.72
2438,A,249.51
2439,A,3050.4
2440,A,276.95
2441,A,79.42
2442,A,724.05
2443,A,351.84
2444,A,66.68
2445,A,1466.96
2446,A,1694.05
2447,A,240.31
2448,A,69.39
2449,A,629.37
2450,A,1059.63
2451,A,4407.7
2452,A,322.76
2453,A,686.54
2454,A,451.41
2455,A,847.36
2456,A,108.89
2457,A,141.16
2458,A,1211.95
2459,A,3086.93
2460,A,663.14
2461,A,7.01
2462,A,121.41
2463,A,153.92
2464,A,178.47
2465,A,1764.9
2466,A,326.17
2467,A,652.19
2468,A,126.29
2469,A,109.79
2470,A,327.6
2471,A,734.74
2472,A,496.42
2473,A,67.48
2474,A,624.9
2475,A,185.7
2476,A,805.5
2477,A,100.52
2478,A,220.92
2479,A,1947.9
2480,A,169.63
2481,A,112.34
2482,A,462.61
2483,A,1191.03
2484,A,327.52
2485,A,223.18
2486,A,45.51
2487,A,116.42
2488,A,489.79
2489,A,504.66
2490,A,269.47
2491,A,842.01
2492,A,1586.9
2493,A,304.75
2494,A,717.81
2495,A,312.23
2496,A,692.58
2497,A,841.1
2498,A,780.62
2499,A,337.28
2500,A,291.36
2501,A,574.73
2502,A,429.65
2503,A,926.76
2504,A,1254.46
2505,A,336.37
2506,A,762.58
2507,A,772.83
2508,A,104.73
2509,A,236.42
2510,A,431.37
2511,A,183.87
2512,A,328.64
2513,A,983.86
2514,A,207.61
2515,A,223.96
2516,A,175.43
2517,A,1075.67
2518,A,93.35
2519,A,696.8
2520,A,320.07
2521,A,336.41
2522,A,1627.16
2523,A,172.39
2524,A,454.78
2525,A,25.82
2526,A,360.73
2527,A,437.32
2528,A,451.96
2529,A,369.46
2530,A,177.46
2531,A,278.46
2532,A,1588.65
2533,A,100.23
2534,A,4516.05
2535,A,741.02
2536,A,225.33
2537,A,70.86
2538,A,3372.49
2539,A,733.55
2540,A,185.1
2541,A,342.24
2542,A,714.14
2543,A,352.14
2544,A,175.89
2545,A,530.31
2546,A,857.78
2547,A,257.19
2548,A,235.34
2549,A,325.99
2550,A,454.86
2551,A,1879.08
2552,A,630.77
2553,A,1151.56
2554,A,164.69
2555,A,179.19
2556,A,1452.9
2557,A,331.12
2558,A,828.19
2559,A,56.37
2560,A,710.14
2561,A,802.09
2562,A,452.32
2563,A,116.67
2564,A,58.16
2565,A,419.38
2566,A,731.86
2567,A,895.44
2568,A,315.13
2569,A,327.75
2570,A,115.76
2571,A,641.84
2572,A,1561.39
2573,A,181.19
2574,A,626.59
2575,A,169.73
2576,A,61.85
2577,A,5442.72
2578,A,692.96
2579,A,1719.29
2580,A,110.46
2581,A,167.21
2582,A,271.84
2583,A,279.45
2584,A,279.71
2585,A,568.69
2586,A,901.72
2587,A,1225.55
2588,A,243.37
2589,A,313.66
2590,A,784.56
2591,A,592.33
2592,A,82.71
2593,A,118.45
2594,A,153.31
2595,A,186.56
2596,A,77.91
2597,A,246.77
2598,A,486.08
2599,A,94.76
2600,A,381.47
2601,A,438.72
2602,A,1002.09
2603,A,408.85
2604,A,222.55
2605,A,1803.28
2606,A,89.92
2607,A,119.65
2608,A,606.97
2609,A,101.65
2610,A,308.1
2611,A,81.77
2612,A,755.77
2613,A,393.66
2614,A,573.65
2615,A,131.75
2616,A,139.27
2617,A,84.37
2618,A,417.99
2619,A,635.15
2620,A,1751.13
2621,A,625.2
2622,A,275.68
2623,A,347.02
2624,A,670.73
2625,A,642.97
2626,A,175.81
2627,A,608.76
2628,A,132.71
2629,A,171.9
2630,A,763.68
2631,A,767.48
2632,A,566.47
2633,A,599.17
2634,A,42.46
2635,A,94.42
2636,A,356.44
2637,A,534.51
2638,A,2920.41
2639,A,428.54
2640,A,833.13
2641,A,2521.7
2642,A,206.61
2643,A,100.06
2644,A,3315.85
2645,A,307.54
2646,A,35.27
2647,A,788.59
2648,A,383.41
2649,A,77.7
2650,A,124.29
2651,A,397.15
2652,A,212.39
2653,A,2607.61
2654,A,173.32
2655,A,325.08
2656,A,2840.47
2657,A,649.44
2658,A,200.15
2659,A,612.53
2660,A,220.46
2661,A,157.97
2662,A,568.56
2663,A,511.62
2664,A,663.85
2665,A,1865.61
2666,A,163.93
2667,A,199.19
2668,A,495.77
2669,A,544.55
2670,A,496.68
2671,A,823.8
2672,A,227.76
2673,A,239.9
2674,A,102.82
2675,A,263.59
2676,A,244.25
2677,A,1042.88
2678,A,63.0
2679,A,364.55
2680,A,203.35
2681,A,574.66
2682,A,2706.93
2683,A,281.34
2684,A,506.45
2685,A,1001.99
2686,A,257.72
2687,A,208.94
2688,A,85.17
2689,A,49.66
2690,A,7424.61
2691,A,451.09
2692,A,633.02
2693,A,809.09
2694,A,1084.8
2695,A,557.57
2696,A,223.28
2697,A,3599.93
2698,A,139.0
2699,A,1338.22
2700,A,1116.0
2701,A,325.84
2702,A,276.44
2703,A,627.9
2704,A,430.59
2705,A,2172.12
2706,A,421.56
2707,A,1116.18
2708,A,370.86
2709,A,435.2
2710,A,505.02
2711,A,348.76
2712,A,363.79
2713,A,710.22
2714,A,2398.71
2715,A,978.83
2716,A,1170.13
2717,A,238.43
2718,A,229.22
2719,A,1933.34
2720,A,329.37
2721,A,107.1
2722,A,2221.61
2723,A,489.91
2724,A,205.9
2725,A,473.73
2726,A,184.82
2727,A,419.75
2728,A,313.25
2729,A,39.71
2730,A,338.45
2731,A,238.63
2732,A,419.21
2733,A,685.87
2734,A,558.74
2735,A,50.05
2736,A,657.13
2737,A,328.7
2738,A,338.51
2739,A,923.67
2740,A,1446.69
2741,A,907.27
2742,A,528.66
2743,A,858.42
2744,A,588.39
2745,A,757.75
2746,A,618.78
2747,A,74.86
2748,A,983.52
2749,A,271.91
2750,A,924.21
2751,A,1204.75
2752,A,29.87
2753,A,384.66
2754,A,895.53
2755,A,682.64
2756,A,450.91
2757,A,853.96
2758,A,477.04
2759,A,147.17
2760,A,1178.58
2761,A,927.21
2762,A,317.24
2763,A,320.06
2764,A,326.82
2765,A,1686.37
2766,A,900.51
2767,A,82.69
2768,A,449.67
2769,A,174.48
2770,A,2214.74
2771,A,3657.3
2772,A,327.53
2773,A,157.94
2774,A,1991.01
2775,A,2065.57
2776,A,586.32
2777,A,96.37
2778,A,416.82
2779,A,3246.61
2780,A,159.91
2781,A,1281.39
2782,A,328.93
2783,A,243.05
2784,A,587.73
2785,A,3193.95
2786,A,285.03
2787,A,113.48
2788,A,234.88
2789,A,213.41
2790,A,1855.89
2791,A,172.22
2792,A,2138.42
2793,A,281.98
2794,A,314.55
2795,A,646.28
2796,A,25.94
2797,A,66.23
2798,A,335.45
2799,A,101.42
2800,A,213.47
2801,A,370.47
2802,A,70.34
2803,A,348.62
2804,A,343.13
2805,A,891.31
2806,A,959.01
2807,A,789.11
2808,A,128.69
2809,A,36.65
2810,A,1670.87
2811,A,289.02
2812,A,755.16
2813,A,645.9
2814,A,577.06
2815,A,1663.64
2816,A,453.61
2817,A,771.28
2818,A,4985.24
2819,A,463.35
2820,A,329.48
2821,A,1647.15
2822,A,249.65
2823,A,117.08
2824,A,305.88
2825,A,247.15
2826,A,247.57
2827,A,220.23
2828,A,532.38
2829,A,95.4
2830,A,322.67
2831,A,578.86
2832,A,258.02
2833,A,217.91
2834,A,433.33
2835,A,233.06
2836,A,178.11
2837,A,237.35
2838,A,50.81
2839,A,66.1
2840,A,419.61
2841,A,267.45
2842,A,100.51
2843,A,129.98
2844,A,204.07
2845,A,789.7
2846,A,156.42
2847,A,231.02
2848,A,535.1
2849,A,652.61
2850,A,144.91
2851,A,91.4
2852,A,45.84
2853,A,272.19
2854,A,126.32
2855,A,249.28
2856,A,162.99
2857,A,589.39
2858,A,461.95
2859,A,1082.49
2860,A,920.49
2861,A,261.17
2862,A,176.12
2863,A,181.89
2864,A,939.53
2865,A,244.11
2866,A,887.39
2867,A,169.73
2868,A,89.09
2869,A,433.13
2870,A,401.89
2871,A,169.67
2872,A,396.76
2873,A,293.99
2874,A,757.26
2875,A,625.19
2876,A,2332.77
2877,A,668.3
2878,A,269.15
2879,A,812.13
2880,A,343.54
2881,A,306.94
2882,A,95.56
2883,A,137.62
2884,A,268.81
2885,A,27.59
2886,A,144.12
2887,A,210.26
2888,A,1058.57
2889,A,324.42
2890,A,671.22
2891,A,140.41
2892,A,622.97
2893,A,47.8
2894,A,242.17
2895,A,50.87
2896,A,967.21
2897,A,2520.53
2898,A,845.06
2899,A,197.86
2900,A,593.08
2901,A,1344.79
2902,A,457.43
2903,A,8582.39
2904,A,1007.21
2905,A,1956.38
2906,A,203.71
2907,A,607.0
2908,A,114.95
2909,A,419.17
2910,A,438.19
2911,A,612.02
2912,A,2710.72
2913,A,379.93
2914,A,277.42
2915,A,75.15
2916,A,284.54
2917,A,221.41
2918,A,1530.5
2919,A,97.57
2920,A,107.98
2921,A,60.98
2922,A,1614.39
2923,A,3208.33
2924,A,2876.19
2925,A,2711.78
2926,A,89.46
2927,A,870.8
2928,A,1983.36
2929,A,2063.25
2930,A,450.0
2931,A,1004.2
2932,A,225.09
2933,A,357.07
2934,A,98.37
2935,A,153.46
2936,A,484.55
2937,A,1356.9
2938,A,936.52
2939,A,443.1
2940,A,1157.22
2941,A,137.69
2942,A,1372.43
2943,A,398.49
2944,A,261.9
2945,A,449.99
2946,A,106.23
2947,A,211.47
2948,A,932.98
2949,A,1370.92
2950,A,1516.48
2951,A,2844.4
2952,A,239.77
2953,A,152.2
2954,A,167.43
2955,A,403.66
2956,A,801.86
2957,A,54.46
2958,A,377.9
2959,A,790.52
2960,A,466.66
2961,A,314.66
2962,A,102.27
2963,A,57.34
2964,A,1777.46
2965,A,1660.52
2966,A,700.62
2967,A,1297.24
2968,A,330.39
2969,A,932.84
2970,A,455.78
2971,A,251.87
2972,A,782.0
2973,A,105.62
2974,A,178.01
2975,A,1040.9
2976,A,28.08
2977,A,291.8
2978,A,1180.57
2979,A,703.8
2980,A,371.42
2981,A,300.38
2982,A,130.83
2983,A,74.65
2984,A,868.06
2985,A,1177.51
2986,A,1130.78
2987,A,144.49
2988,A,1841.13
2989,A,143.14
2990,A,506.12
2991,A,220.44
2992,A,170.91
2993,A,270.08
2994,A,209.47
2995,A,104.23
2996,A,373.3
2997,A,435.57
2998,A,687.89
2999,A,996.73
3000,A,434.22
3001,A,101.32
3002,A,626.48
3003,A,247.41
3004,A,204.63
3005,A,3114.32
3006,A,583.84
3007,A,1707.26
3008,A,103.0
3009,A,769.21
3010,A,311.78
3011,A,879.13
3012,A,1021.83
3013,A,3191.66
3014,A,66.19
3015,A,700.82
3016,A,184.89
3017,A,342.74
3018,A,804.02
3019,A,213.09
3020,A,433.11
3021,A,201.88
3022,A,603.34
3023,A,75.65
3024,A,307.8
3025,A,1581.38
3026,A,145.77
3027,A,1570.49
3028,A,52.61
3029,A,78.46
3030,A,392.65
3031,A,1923.37
3032,A,906.78
3033,A,1322.43
3034,A,152.36
3035,A,2027.77
3036,A,101.95
3037,A,283.49
3038,A,638.99
3039,A,609.08
3040,A,595.19
3041,A,827.54
3042,A,406.19
3043,A,391.67
3044,A,458.68
3045,A,1524.97
3046,A,2058.91
3047,A,284.64
3048,A,575.5
3049,A,172.26
3050,A,168.6
3051,A,268.51
3052,A,684.04
3053,A,729.93
3054,A,1085.77
3055,A,437.57
3056,A,933.37
3057,A,1736.91
3058,A,61.28
3059,A,651.0
3060,A,973.63
3061,A,871.16
3062,A,588.28
3063,A,78.77
3064,A,72.02
3065,A,501.34
3066,A,318.53
3067,A,65.74
3068,A,197.68
3069,A,342.04
3070,A,374.51
3071,A,390.16
3072,A,286.06
3073,A,372.76
3074,A,86.83
3075,A,346.55
3076,A,2815.28
3077,A,251.82
3078,A,825.14
3079,A,273.31
3080,A,101.77
3081,A,1135.95
3082,A,212.28
3083,A,210.31
3084,A,39.17
3085,A,783.36
3086,A,838.32
3087,A,5094.31
3088,A,422.19
3089,A,87.54
3090,A,1274.78
3091,A,97.88
3092,A,953.61
3093,A,285.51
3094,A,239.47
3095,A,298.68
3096,A,143.5
3097,A,592.49
3098,A,291.02
3099,A,146.09
3100,A,724.65
3101,A,1811.46
3102,A,277.22
3103,A,564.39
3104,A,503.0
3105,A,1505.37
3106,A,238.38
3107,A,881.23
3108,A,348.52
3109,A,1260.15
3110,A,117.94
3111,A,1227.33
3112,A,536.71
3113,A,437.71
3114,A,509.55
3115,A,312.84
3116,A,2391.59
3117,A,402.68
3118,A,130.75
3119,A,2078.41
3120,A,98.93
3121,A,1313.06
3122,A,74.81
3123,A,50.32
3124,A,108.96
3125,A,372.72
3126,A,718.0
3127,A,546.07
3128,A,1384.49
3129,A,504.85
3130,A,1074.5
3131,A,185.96
3132,A,680.38
3133,A,191.69
3134,A,905.09
3135,A,656.8
3136,A,264.39
3137,A,832.33
3138,A,274.61
3139,A,815.6
3140,A,765.59
3141,A,252.11
3142,A,1003.25
3143,A,17.5
3144,A,809.86
3145,A,1695.13
3146,A,498.24
3147,A,445.33
3148,A,128.11
3149,A,371.01
3150,A,207.2
3151,A,353.59
3152,A,247.97
3153,A,505.11
3154,A,605.7
3155,A,1763.63
3156,A,178.78
3157,A,159.1
3158,A,725.93
3159,A,312.09
3160,A,1070.4
3161,A,1239.48
3162,A,17.23
3163,A,1079.91
3164,A,1251.3
3165,A,169.75
3166,A,146.15
3167,A,2.13
3168,A,170.85
3169,A,1073.4
3170,A,379.36
3171,A,308.16
3172,A,2036.73
3173,A,4458.5
3174,A,652.81
3175,A,687.67
3176,A,63.22
3177,A,1559.52
3178,A,908.68
3179,A,1368.67
3180,A,237.2
3181,A,70.01
3182,A,2470.7
3183,A,1173.64
3184,A,603.21
3185,A,322.42
3186,A,309.48
3187,A,904.61
3188,A,600.64
3189,A,242.76
3190,A,118.36
3191,A,1321.49
3192,A,175.55
3193,A,675.37
3194,A,1213.03
3195,A,86.72
3196,A,245.18
3197,A,128.06
3198,A,508.74
3199,A,370.5
3200,A,479.14
3201,A,395.08
3202,A,1957.16
3203,A,572.41
3204,A,93.1
3205,A,397.64
3206,A,745.71
3207,A,487.12
3208,A,1318.82
3209,A,401.03
3210,A,250.91
3211,A,306.58
3212,A,293.44
3213,A,498.56
3214,A,106.22
3215,A,47.55
3216,A,354.75
3217,A,390.39
3218,A,1160.51
3219,A,617.65
3220,A,49.66
3221,A,506.32
3222,A,1173.37
3223,A,765.91
3224,A,286.61
3225,A,1483.74
3226,A,234.68
3227,A,543.19
3228,A,303.22
3229,A,87.23
3230,A,997.78
3231,A,206.35
3232,A,781.28
3233,A,98.22
3234,A,138.02
3235,A,548.02
3236,A,4303.85
3237,A,251.9
3238,A,964.7
3239,A,110.12
3240,A,141.54
3241,A,347.19
3242,A,5855.67
3243,A,295.75
3244,A,378.39
3245,A,268.31
3246,A,694.36
3247,A,250.36
3248,A,3076.14
3249,A,282.59
3250,A,2347.03
3251,A,353.07
3252,A,578.89
3253,A,22.03
3254,A,492.68
3255,A,270.49
3256,A,102.83
3257,A,15.72
3258,A,762.63
3259,A,1616.17
3260,A,73.62
3261,A,94.06
3262,A,687.86
3263,A,1533.17
3264,A,407.98
3265,A,2819.85
3266,A,625.81
3267,A,731.77
3268,A,401.77
3269,A,1844.78
3270,A,643.23
3271,A,506.29
3272,A,443.42
3273,A,1284.12
3274,A,150.18
3275,A,498.42
3276,A,143.51
3277,A,508.95
3278,A,1220.57
3279,A,277.92
3280,A,589.15
3281,A,169.89
3282,A,155.59
3283,A,415.39
3284,A,825.99
3285,A,956.53
3286,A,186.23
3287,A,506.62
3288,A,303.29
3289,A,507.79
3290,A,559.28
3291,A,736.8
3292,A,900.99
3293,A,210.8
3294,A,51.13
3295,A,63.34
3296,A,251.13
3297,A,196.76
3298,A,652.17
3299,A,89.45
3300,A,720.85
3301,A,84.08
3302,A,821.02
3303,A,84.85
3304,A,513.21
3305,A,46.5
3306,A,172.3
3307,A,159.28
3308,A,441.17
3309,A,145.82
3310,A,331.05
3311,A,93.95
3312,A,2454.85
3313,A,134.53
3314,A,262.96
3315,A,273.69
3316,A,1224.15
3317,A,386.63
3318,A,1238.61
3319,A,2140.07
3320,A,1563.0
3321,A,88.74
3322,A,265.48
3323,A,540.04
3324,A,42.15
3325,A,439.29
3326,A,129.48
3327,A,765.98
3328,A,1344.67
3329,A,488.07
3330,A,148.24
3331,A,524.83
3332,A,903.06
3333,A,102.09
3334,A,387.63
3335,A,57.07
3336,A,299.03
3337,A,1754.36
3338,A,762.26
3339,A,356.96
3340,A,337.77
3341,A,251.74
3342,A,397.04
3343,A,946.75
3344,A,397.52
3345,A,936.14
3346,A,580.75
3347,A,109.27
3348,A,361.12
3349,A,1354.79
3350,A,404.76
3351,A,2051.59
3352,A,384.46
3353,A,292.42
3354,A,411.14
3355,A,284.12
3356,A,748.35
3357,A,561.72
3358,A,1412.27
3359,A,379.93
3360,A,249.96
3361,A,404.69
3362,A,1592.84
3363,A,2016.09
3364,A,677.05
3365,A,2657.57
3366,A,444.58
3367,A,604.71
3368,A,35.75
3369,A,1733.33
3370,A,1705.99
3371,A,759.58
3372,A,203.37
3373,A,236.96
3374,A,892.5
3375,A,1348.49
3376,A,445.54
3377,A,150.34
3378,A,845.02
3379,A,434.56
3380,A,150.46
3381,A,194.18
3382,A,973.33
3383,A,378.46
3384,A,364.54
3385,A,2566.24
3386,A,571.88
3387,A,217.92
3388,A,828.22
3389,A,123.52
3390,A,155.6
3391,A,302.48
3392,A,2170.95
3393,A,96.74
3394,A,67.44
3395,A,926.52
3396,A,126.35
3397,A,306.02
3398,A,258.85
3399,A,316.76
3400,A,472.97
3401,A,87.72
3402,A,598.76
3403,A,204.07
3404,A,389.27
3405,A,329.28
3406,A,64.76
3407,A,342.4
3408,A,593.23
3409,A,322.9
3410,A,535.24
3411,A,851.98
3412,A,656.98
3413,A,319.92
3414,A,493.3
3415,A,854.04
3416,A,132.23
3417,A,247.0
3418,A,437.82
3419,A,174.91
3420,A,86.69
3421,A,144.52
3422,A,3610.31
3423,A,829.17
3424,A,304.08
3425,A,114.16
3426,A,865.76
3427,A,151.68
3428,A,1313.92
3429,A,1058.83
3430,A,843.68
3431,A,2060.71
3432,A,1546.28
3433,A,536.42
3434,A,48.91
3435,A,42.06
3436,A,99.5
3437,A,154.99
3438,A,620.62
3439,A,730.93
3440,A,525.96
3441,A,270.93
3442,A,1009.68
3443,A,794.66
3444,A,231.88
3445,A,540.65
3446,A,109.37
3447,A,131.01
3448,A,628.44
3449,A,189.36
3450,A,883.65
3451,A,402.84
3452,A,537.56
3453,A,192.33
3454,A,721.63
3455,A,2416.78
3456,A,258.75
3457,A,508.85
3458,A,194.87
3459,A,371.27
3460,A,149.54
3461,A,2974.41
3462,A,634.8
3463,A,389.37
3464,A,2195.16
3465,A,654.91
3466,A,1038.61
3467,A,226.29
3468,A,617.77
3469,A,1061.71
3470,A,283.56
3471,A,18.85
3472,A,238.14
3473,A,161.27
3474,A,96.81
3475,A,106.06
3476,A,183.56
3477,A,149.62
3478,A,228.42
3479,A,1153.74
3480,A,20.04
3481,A,1336.17
3482,A,735.55
3483,A,103.69
3484,A,387.71
3485,A,163.69
3486,A,185.46
3487,A,990.51
3488,A,895.05
3489,A,690.17
3490,A,392.72
3491,A,39.79
3492,A,2539.09
3493,A,200.37
3494,A,4338.49
3495,A,64.5
3496,A,532.73
3497,A,1596.11
3498,A,152.75
3499,A,173.57
3500,A,1583.89
3501,A,375.06
3502,A,2053.25
3503,A,567.77
3504,A,315.15
3505,A,1035.17
3506,A,133.79
3507,A,909.1
3508,A,719.03
3509,A,694.73
3510,A,713.37
3511,A,267.24
3512,A,3806.79
3513,A,279.05
3514,A,565.13
3515,A,119.38
3516,A,2362.42
3517,A,1868.44
3518,A,1023.27
3519,A,57.3
3520,A,171.73
3521,A,820.72
3522,A,433.02
3523,A,272.11
3524,A,553.23
3525,A,473.5
3526,A,686.8
3527,A,400.95
3528,A,3431.69
3529,A,1081.95
3530,A,1466.26
3531,A,113.92
3532,A,102.27
3533,A,208.21
3534,A,341.67
3535,A,1286.41
3536,A,252.8
3537,A,175.98
3538,A,675.74
3539,A,1004.46
3540,A,198.91
3541,A,1415.79
3542,A,768.96
3543,A,695.95
3544,A,238.4
3545,A,279.36
3546,A,840.23
3547,A,135.14
3548,A,289.53
3549,A,2280.54
3550,A,433.39
3551,A,419.63
3552,A,697.8
3553,A,313.61
3554,A,147.0
3555,A,147.26
3556,A,487.23
3557,A,109.51
3558,A,511.35
3559,A,277.52
3560,A,105.76
3561,A,697.13
3562,A,1010.7
3563,A,144.15
3564,A,292.25
3565,A,6133.19
3566,A,71.44
3567,A,492.64
3568,A,1213.4
3569,A,448.58
3570,A,185.4
3571,A,545.1
3572,A,396.5
3573,A,448.3
3574,A,660.19
3575,A,499.35
3576,A,185.65
3577,A,1066.36
3578,A,1785.97
3579,A,335.39
3580,A,412.48
3581,A,378.42
3582,A,401.74
3583,A,210.62
3584,A,108.12
3585,A,161.17
3586,A,594.88
3587,A,1657.52
3588,A,180.54
3589,A,6112.91
3590,A,300.47
3591,A,203.93
3592,A,285.3
3593,A,572.2
3594,A,79.91
3595,A,676.91
3596,A,202.7
3597,A,175.53
3598,A,1157.02
3599,A,357.89
3600,A,1610.37
3601,A,290.33
3602,A,2760.08
3603,A,120.64
3604,A,171.16
3605,A,1162.72
3606,A,533.25
3607,A,1192.3
3608,A,1886.2
3609,A,347.71
3610,A,349.93
3611,A,129.21
3612,A,90.28
3613,A,1967.9
3614,A,1411.28
3615,A,756.72
3616,A,87.42
3617,A,422.48
3618,A,61.33
3619,A,131.52
3620,A,492.72
3621,A,1144.26
3622,A,878.25
3623,A,489.89
3624,A,1410.15
3625,A,424.63
3626,A,246.64
3627,A,409.94
3628,A,68.33
3629,A,1484.45
3630,A,76.63
3631,A,507.01
3632,A,533.66
3633,A,1083.12
3634,A,1079.3
3635,A,66.78
3636,A,683.86
3637,A,7499.67
3638,A,499.07
3639,A,856.57
3640,A,1030.17
3641,A,1064.46
3642,A,152.41
3643,A,405.88
3644,A,134.88
3645,A,173.74
3646,A,468.45
3647,A,168.27
3648,A,152.28
3649,A,620.57
3650,A,218.28
3651,A,255.88
3652,A,2824.14
3653,A,306.7
3654,A,522.11
3655,A,1309.08
3656,A,338.82
3657,A,369.19
3658,A,1957.44
3659,A,1311.31
3660,A,288.36
3661,A,201.76
3662,A,1128.67
3663,A,84.56
3664,A,704.26
3665,A,96.61
3666,A,524.2
3667,A,348.82
3668,A,685.94
3669,A,164.2
3670,A,211.21
3671,A,595.17
3672,A,282.79
3673,A,107.74
3674,A,195.58
3675,A,113.94
3676,A,445.49
3677,A,102.66
3678,A,986.11
3679,A,142.01
3680,A,425.38
3681,A,259.98
3682,A,372.39
3683,A,211.63
3684,A,249.21
3685,A,291.77
3686,A,266.78
3687,A,546.03
3688,A,2231.91
3689,A,169.36
3690,A,734.59
3691,A,1246.62
3692,A,582.83
3693,A,353.08
3694,A,224.02
3695,A,27.03
3696,A,271.34
3697,A,1505.35
3698,A,4180.06
3699,A,80.96
3700,A,56.05
3701,A,74.37
3702,A,127.07
3703,A,544.47
3704,A,1742.9
3705,A,237.54
3706,A,197.61
3707,A,77.11
3708,A,2701.1
3709,A,1644.4
3710,A,674.74
3711,A,114.28
3712,A,173.37
3713,A,619.03
3714,A,794.72
3715,A,435.66
3716,A,912.26
3717,A,483.52
3718,A,373.16
3719,A,59.74
3720,A,413.6
3721,A,1020.04
3722,A,690.3
3723,A,137.71
3724,A,694.62
3725,A,3725.11
3726,A,854.3
3727,A,769.78
3728,A,723.89
3729,A,1795.84
3730,A,153.15
3731,A,304.61
3732,A,1031.57
3733,A,2065.39
3734,A,32.15
3735,A,276.66
3736,A,3493.2
3737,A,130.61
3738,A,204.78
3739,A,1183.82
3740,A,95.79
3741,A,866.79
3742,A,508.94
3743,A,40.36
3744,A,1292.07
3745,A,2050.72
3746,A,141.63
3747,A,180.19
3748,A,544.28
3749,A,389.72
3750,A,87.49
3751,A,304.42
3752,A,395.4
3753,A,126.22
3754,A,1288.28
3755,A,2359.51
3756,A,2537.7
3757,A,4419.94
3758,A,316.52
3759,A,307.78
3760,A,413.83
3761,A,926.15
3762,A,150.3
3763,A,692.4
3764,A,1085.71
3765,A,96.41
3766,A,11567.03
3767,A,115.3
3768,A,1213.7
3769,A,311.73
3770,A,883.22
3771,A,457.04
3772,A,367.47
3773,A,1461.08
3774,A,279.51
3775,A,680.88
3776,A,2403.8
3777,A,210.42
3778,A,5308.18
3779,A,431.07
3780,A,1333.79
3781,A,97.01
3782,A,174.77
3783,A,323.09
3784,A,117.19
3785,A,237.44
3786,A,237.77
3787,A,389.81
3788,A,1879.59
3789,A,226.4
3790,A,1020.12
3791,A,1584.77
3792,A,66.4
3793,A,261.74
3794,A,159.49
3795,A,316.74
3796,A,263.08
3797,A,468.25
3798,A,86.72
3799,A,128.07
3800,A,341.07
3801,A,857.8
3802,A,1332.43
3803,A,818.1
3804,A,307.78
3805,A,879.18
3806,A,3771.76
3807,A,5417.63
3808,A,202.79
3809,A,1351.71
3810,A,569.46
3811,A,1443.84
3812,A,157.39
3813,A,4619.22
3814,A,1121.22
3815,A,275.5
3816,A,71.86
3817,A,175.89
3818,A,1163.31
3819,A,1130.46
3820,A,226.58
3821,A,1137.18
3822,A,215.64
3823,A,277.59
3824,A,716.48
3825,A,1035.17
3826,A,748.21
3827,A,213.99
3828,A,1594.28
3829,A,556.69
3830,A,95.48
3831,A,188.95
3832,A,269.69
3833,A,261.71
3834,A,231.97
3835,A,356.66
3836,A,107.13
3837,A,2332.76
3838,A,1303.44
3839,A,450.29
3840,A,372.53
3841,A,559.62
3842,A,231.62
3843,A,124.75
3844,A,790.08
3845,A,78.2
3846,A,243.61
3847,A,240.71
3848,A,2882.04
3849,A,179.35
3850,A,611.97
3851,A,477.43
3852,A,3473.21
3853,A,167.98
3854,A,113.94
3855,A,206.86
3856,A,786.28
3857,A,324.33
3858,A,89.51
3859,A,41.29
3860,A,979.5
3861,A,278.3
3862,A,89.08
3863,A,205.13
3864,A,1208.77
3865,A,199.51
3866,A,178.09
3867,A,783.32
3868,A,1313.62
3869,A,480.39
3870,A,959.41
3871,A,75.72
3872,A,602.36
3873,A,227.61
3874,A,178.98
3875,A,488.97
3876,A,213.19
3877,A,615.29
3878,A,1093.17
3879,A,197.35
3880,A,698.96
3881,A,127.69
3882,A,126.96
3883,A,3069.28
3884,A,47.38
3885,A,349.13
3886,A,139.98
3887,A,660.7
3888,A,505.66
3889,A,1150.72
3890,A,612.12
3891,A,1239.38
3892,A,399.88
3893,A,1856.42
3894,A,49.97
3895,A,494.44
3896,A,667.28
3897,A,347.21
3898,A,1268.98
3899,A,461.54
3900,A,142.89
3901,A,40.12
3902,A,515.27
3903,A,1091.6
3904,A,219.02
3905,A,487.52
3906,A,2778.28
3907,A,306.57
3908,A,346.74
3909,A,571.01
3910,A,654.13
3911,A,504.38
3912,A,1100.92
3913,A,884.92
3914,A,107.69
3915,A,677.1
3916,A,456.14
3917,A,123.51
3918,A,108.82
3919,A,133.1
3920,A,226.96
3921,A,304.97
3922,A,471.95
3923,A,656.49
3924,A,214.66
3925,A,370.75
3926,A,529.95
3927,A,168.63
3928,A,423.24
3929,A,325.04
3930,A,640.04
3931,A,1446.85
3932,A,270.08
3933,A,506.7
3934,A,454.93
3935,A,437.79
3936,A,705.32
3937,A,424.1
3938,A,130.31
3939,A,188.07
3940,A,925.86
3941,A,146.57
3942,A,697.89
3943,A,244.07
3944,A,522.1
3945,A,223.0
3946,A,320.19
3947,A,900.56
3948,A,240.4
3949,A,258.12
3950,A,401.19
3951,A,1835.03
3952,A,213.7
3953,A,598.5
3954,A,3417.27
3955,A,383.55
3956,A,1679.43
3957,A,609.98
3958,A,324.24
3959,A,414.63
3960,A,330.22
3961,A,506.66
3962,A,174.53
3963,A,253.83
3964,A,1218.22
3965,A,892.91
3966,A,405.64
3967,A,218.77
3968,A,476.7
3969,A,502.06
3970,A,147.8
3971,A,177.95
3972,A,783.09
3973,A,740.8
3974,A,1091.66
3975,A,900.72
3976,A,41.94
3977,A,1638.03
3978,A,1224.35
3979,A,186.0
3980,A,35.23
3981,A,249.99
3982,A,1003.96
3983,A,1605.72
3984,A,138.22
3985,A,419.18
3986,A,193.61
3987,A,832.77
3988,A,441.96
3989,A,3093.11
3990,A,615.01
3991,A,2007.56
3992,A,355.35
3993,A,1159.38
3994,A,978.33
3995,A,75.61
3996,A,1203.26
3997,A,798.93
3998,A,494.54
3999,A,806.96
4000,A,1470.03
4001,B,358.06
4002,B,1212.94
4003,B,98.48
4004,B,5090.1
4005,B,457.69
4006,B,535.96
4007,B,4709.66
4008,B,81.47
4009,B,1667.23
4010,B,904.23
4011,B,320.44
4012,B,165.81
4013,B,63.39
4014,B,3521.2
4015,B,945.6
4016,B,319.08
4017,B,102.63
4018,B,115.34
4019,B,654.17
4020,B,263.5
4021,B,550.57
4022,B,1530.89
4023,B,43.87
4024,B,61.99
4025,B,991.58
4026,B,250.52
4027,B,591.47
4028,B,861.71
4029,B,303.56
4030,B,512.17
4031,B,2638.0
4032,B,297.25
4033,B,397.57
4034,B,279.07
4035,B,74.92
4036,B,220.19
4037,B,263.83
4038,B,293.09
4039,B,44.59
4040,B,531.3
4041,B,142.42
4042,B,285.53
4043,B,781.63
4044,B,2502.77
4045,B,139.77
4046,B,866.34
4047,B,710.53
4048,B,289.69
4049,B,203.56
4050,B,244.91
4051,B,2123.0
4052,B,412.71
4053,B,1705.0
4054,B,214.37
4055,B,158.74
4056,B,1774.81
4057,B,88.64
4058,B,413.99
4059,B,231.24
4060,B,1052.64
4061,B,1343.61
4062,B,1077.17
4063,B,542.61
4064,B,431.33
4065,B,77.21
4066,B,403.11
4067,B,766.21
4068,B,186.8
4069,B,1429.93
4070,B,457.19
4071,B,150.57
4072,B,700.31
4073,B,172.3
4074,B,1639.32
4075,B,675.64
4076,B,2121.02
4077,B,85.97
4078,B,708.36
4079,B,430.69
4080,B,369.76
4081,B,247.73
4082,B,304.08
4083,B,223.93
4084,B,465.2
4085,B,448.13
4086,B,140.27
4087,B,3555.45
4088,B,46.5
4089,B,110.49
4090,B,104.83
4091,B,3876.36
4092,B,345.67
4093,B,2203.69
4094,B,966.26
4095,B,1706.67
4096,B,121.15
4097,B,21.88
4098,B,376.83
4099,B,318.51
4100,B,1449.96
4101,B,1211.21
4102,B,536.39
4103,B,201.91
4104,B,1940.43
4105,B,1105.36
4106,B,2432.16
4107,B,614.47
4108,B,879.17
4109,B,370.12
4110,B,2350.23
4111,B,463.97
4112,B,1116.73
4113,B,374.51
4114,B,969.34
4115,B,498.38
4116,B,1160.97
4117,B,2581.85
4118,B,582.32
4119,B,354.03
4120,B,120.27
4121,B,1272.16
4122,B,140.18
4123,B,378.78
4124,B,97.78
4125,B,2313.21
4126,B,1215.23
4127,B,111.24
4128,B,248.38
4129,B,681.01
4130,B,245.84
4131,B,481.37
4132,B,358.76
4133,B,259.61
4134,B,1101.83
4135,B,592.49
4136,B,44.41
4137,B,317.46
4138,B,3327.44
4139,B,269.0
4140,B,419.85
4141,B,47.59
4142,B,247.41
4143,B,250.35
4144,B,96.57
4145,B,101.19
4146,B,1428.42
4147,B,262.71
4148,B,529.33
4149,B,766.44
4150,B,743.39
4151,B,1282.71
4152,B,269.85
4153,B,628.61
4154,B,1208.39
4155,B,282.8
4156,B,2159.65
4157,B,1634.47
4158,B,142.09
4159,B,156.34
4160,B,1277.47
4161,B,365.14
4162,B,528.25
4163,B,1131.06
4164,B,699.22
4165,B,456.11
4166,B,749.92
4167,B,770.5
4168,B,262.44
4169,B,262.69
4170,B,69.93
4171,B,299.28
4172,B,161.09
4173,B,221.3
4174,B,191.69
4175,B,34.85
4176,B,135.04
4177,B,244.13
4178,B,564.01
4179,B,119.07
4180,B,164.22
4181,B,2469.72
4182,B,97.6
4183,B,271.17
4184,B,269.95
4185,B,929.66
4186,B,225.54
4187,B,531.35
4188,B,148.04
4189,B,206.21
4190,B,137.21
4191,B,296.79
4192,B,392.92
4193,B,1226.15
4194,B,104.4
4195,B,213.11
4196,B,215.84
4197,B,2450.44
4198,B,209.26
4199,B,987.3
4200,B,167.83
4201,B,1121.01
4202,B,86.06
4203,B,676.55
4204,B,134.0
4205,B,199.86
4206,B,1880.59
4207,B,588.37
4208,B,329.26
4209,B,452.28
4210,B,1144.21
4211,B,699.95
4212,B,183.16
4213,B,251.13
4214,B,118.22
4215,B,1090.88
4216,B,60.64
4217,B,1012.39
4218,B,889.77
4219,B,607.49
4220,B,762.7
4221,B,139.99
4222,B,1670.3
4223,B,604.33
4224,B,87.61
4225,B,2112.25
4226,B,883.35
4227,B,348.31
4228,B,374.88
4229,B,2942.15
4230,B,666.74
4231,B,798.46
4232,B,889.9
4233,B,1120.69
4234,B,1007.8
4235,B,1080.29
4236,B,2839.24
4237,B,159.63
4238,B,465.33
4239,B,406.86
4240,B,1658.4
4241,B,629.11
4242,B,582.78
4243,B,24.79
4244,B,11845.43
4245,B,854.61
4246,B,96.88
4247,B,118.17
4248,B,1013.83
4249,B,935.13
4250,B,4319.17
4251,B,2638.47
4252,B,90.74
4253,B,342.63
4254,B,1192.04
4255,B,1643.66
4256,B,615.53
4257,B,1045.15
4258,B,758.67
4259,B,703.27
4260,B,550.48
4261,B,143.07
4262,B,2515.24
4263,B,356.31
4264,B,1107.29
4265,B,187.14
4266,B,869.21
4267,B,847.89
4268,B,181.84
4269,B,118.26
4270,B,625.96
4271,B,313.34
4272,B,328.72
4273,B,2645.91
4274,B,4005.46
4275,B,417.88
4276,B,291.83
4277,B,159.47
4278,B,418.44
4279,B,312.93
4280,B,149.05
4281,B,1627.64
4282,B,1537.56
4283,B,950.94
4284,B,839.71
4285,B,1482.49
4286,B,1046.58
4287,B,2552.63
4288,B,29.33
4289,B,151.19
4290,B,574.93
4291,B,157.35
4292,B,1215.71
4293,B,52.34
4294,B,463.47
4295,B,304.12
4296,B,399.13
4297,B,1052.35
4298,B,547.35
4299,B,1000.2
4300,B,108.16
4301,B,209.19
4302,B,333.35
4303,B,41.91
4304,B,1130.51
4305,B,364.98
4306,B,900.83
4307,B,81.07
4308,B,482.77
4309,B,41.77
4310,B,127.11
4311,B,854.72
4312,B,2524.73
4313,B,1160.18
4314,B,295.71
4315,B,169.69
4316,B,278.54
4317,B,3934.75
4318,B,958.35
4319,B,2712.42
4320,B,328.75
4321,B,209.99
4322,B,1340.0
4323,B,379.42
4324,B,922.36
4325,B,1239.2
4326,B,498.57
4327,B,509.78
4328,B,2389.63
4329,B,1408.36
4330,B,500.92
4331,B,832.34
4332,B,618.51
4333,B,302.4
4334,B,243.95
4335,B,712.58
4336,B,258.41
4337,B,212.8
4338,B,266.9
4339,B,156.27
4340,B,243.69
4341,B,2780.22
4342,B,53.08
4343,B,1076.75
4344,B,227.01
4345,B,318.65
4346,B,539.81
4347,B,1099.67
4348,B,264.44
4349,B,295.23
4350,B,307.21
4351,B,487.72
4352,B,163.39
4353,B,377.16
4354,B,137.27
4355,B,445.84
4356,B,198.81
4357,B,60.12
4358,B,370.7
4359,B,664.15
4360,B,264.83
4361,B,1224.64
4362,B,377.03
4363,B,2283.75
4364,B,147.29
4365,B,93.09
4366,B,3316.23
4367,B,1211.96
4368,B,167.84
4369,B,7740.21
4370,B,464.24
4371,B,594.14
4372,B,808.56
4373,B,2327.64
4374,B,705.75
4375,B,1515.31
4376,B,989.36
4377,B,601.35
4378,B,2893.48
4379,B,402.78
4380,B,544.13
4381,B,479.62
4382,B,1599.44
4383,B,1302.36
4384,B,1193.93
4385,B,1169.89
4386,B,712.14
4387,B,440.98
4388,B,335.22
4389,B,2004.38
4390,B,249.49
4391,B,577.61
4392,B,1232.32
4393,B,1608.71
4394,B,114.65
4395,B,140.64
4396,B,99.07
4397,B,1217.52
4398,B,1785.7
4399,B,139.64
4400,B,840.46
4401,B,843.81
4402,B,2634.78
4403,B,118.13
4404,B,404.78
4405,B,82.56
4406,B,2322.36
4407,B,127.73
4408,B,1101.24
4409,B,1028.31
4410,B,7.59
4411,B,1076.77
4412,B,203.75
4413,B,146.54
4414,B,723.34
4415,B,331.44
4416,B,3258.55
4417,B,297.09
4418,B,713.1
4419,B,70.37
4420,B,359.69
4421,B,1394.11
4422,B,2414.59
4423,B,1033.11
4424,B,193.56
4425,B,870.53
4426,B,1727.69
4427,B,431.94
4428,B,235.55
4429,B,442.89
4430,B,153.77
4431,B,227.29
4432,B,2041.52
4433,B,697.98
4434,B,895.01
4435,B,522.71
4436,B,1212.56
4437,B,584.18
4438,B,327.45
4439,B,138.59
4440,B,89.31
4441,B,94.09
4442,B,822.99
4443,B,32.26
4444,B,355.6
4445,B,977.46
4446,B,124.86
4447,B,728.86
4448,B,644.18
4449,B,4907.54
4450,B,648.53
4451,B,113.75
4452,B,565.49
4453,B,275.67
4454,B,103.03
4455,B,220.76
4456,B,194.16
4457,B,732.59
4458,B,206.67
4459,B,395.97
4460,B,1249.21
4461,B,490.68
4462,B,209.86
4463,B,370.31
4464,B,1050.72
4465,B,260.46
4466,B,2179.24
4467,B,474.75
4468,B,642.93
4469,B,195.65
4470,B,316.0
4471,B,898.52
4472,B,2613.22
4473,B,769.97
4474,B,2061.25
4475,B,211.51
4476,B,121.85
4477,B,65.25
4478,B,1575.58
4479,B,1144.44
4480,B,34.77
4481,B,176.84
4482,B,63.3
4483,B,2067.63
4484,B,2934.57
4485,B,650.4
4486,B,2244.28
4487,B,90.01
4488,B,659.86
4489,B,233.01
4490,B,1221.84
4491,B,854.86
4492,B,549.46
4493,B,131.07
4494,B,599.31
4495,B,348.2
4496,B,184.16
4497,B,207.51
4498,B,420.42
4499,B,222.15
4500,B,288.21
4501,B,135.56
4502,B,294.29
4503,B,484.37
4504,B,515.03
4505,B,999.2
4506,B,242.69
4507,B,140.94
4508,B,186.75
4509,B,813.04
4510,B,126.12
4511,B,157.84
4512,B,256.91
4513,B,3477.16
4514,B,5540.17
4515,B,232.41
4516,B,88.29
4517,B,290.44
4518,B,719.03
4519,B,35.8
4520,B,259.25
4521,B,16.25
4522,B,2058.51
4523,B,451.3
4524,B,128.7
4525,B,118.86
4526,B,168.12
4527,B,566.67
4528,B,534.73
4529,B,287.71
4530,B,1111.49
4531,B,765.63
4532,B,94.55
4533,B,541.6
4534,B,2461.11
4535,B,346.52
4536,B,205.27
4537,B,429.86
4538,B,55.93
4539,B,370.36
4540,B,1294.68
4541,B,463.39
4542,B,994.01
4543,B,966.69
4544,B,121.87
4545,B,151.85
4546,B,176.31
4547,B,839.85
4548,B,433.07
4549,B,412.01
4550,B,1544.36
4551,B,306.32
4552,B,764.28
4553,B,1296.28
4554,B,1688.2
4555,B,1197.14
4556,B,183.12
4557,B,83.42
4558,B,747.63
4559,B,452.32
4560,B,293.79
4561,B,431.02
4562,B,1658.31
4563,B,285.19
4564,B,152.47
4565,B,598.34
4566,B,2085.34
4567,B,2543.26
4568,B,226.43
4569,B,528.21
4570,B,1605.58
4571,B,1863.33
4572,B,253.71
4573,B,139.81
4574,B,972.84
4575,B,531.21
4576,B,579.07
4577,B,191.09
4578,B,462.16
4579,B,327.58
4580,B,298.38
4581,B,358.4
4582,B,86.5
4583,B,781.33
4584,B,362.24
4585,B,684.86
4586,B,842.44
4587,B,196.02
4588,B,74.19
4589,B,166.42
4590,B,1031.95
4591,B,660.65
4592,B,670.54
4593,B,58.05
4594,B,245.46
4595,B,535.91
4596,B,409.96
4597,B,3323.69
4598,B,456.5
4599,B,1864.07
4600,B,102.39
4601,B,375.37
4602,B,67.17
4603,B,1010.07
4604,B,462.43
4605,B,580.54
4606,B,481.21
4607,B,1729.14
4608,B,1241.29
4609,B,109.23
4610,B,494.3
4611,B,379.32
4612,B,1329.06
4613,B,696.44
4614,B,624.31
4615,B,2612.59
4616,B,899.96
4617,B,306.46
4618,B,2107.74
4619,B,334.0
4620,B,542.92
4621,B,1204.0
4622,B,355.13
4623,B,468.15
4624,B,334.13
4625,B,121.14
4626,B,299.66
4627,B,152.8
4628,B,2573.09
4629,B,1463.86
4630,B,1817.16
4631,B,119.26
4632,B,129.47
4633,B,757.51
4634,B,541.84
4635,B,1395.48
4636,B,749.2
4637,B,230.84
4638,B,583.22
4639,B,1634.66
4640,B,3477.72
4641,B,467.71
4642,B,171.05
4643,B,285.7
4644,B,747.41
4645,B,574.32
4646,B,903.51
4647,B,2299.96
4648,B,1009.27
4649,B,328.99
4650,B,115.3
4651,B,522.22
4652,B,359.6
4653,B,1547.22
4654,B,175.87
4655,B,91.23
4656,B,128.0
4657,B,89.54
4658,B,354.0
4659,B,343.55
4660,B,146.92
4661,B,269.72
4662,B,1298.72
4663,B,42.98
4664,B,3299.69
4665,B,243.34
4666,B,1130.25
4667,B,2075.28
4668,B,583.85
4669,B,2222.07
4670,B,431.31
4671,B,2777.57
4672,B,780.39
4673,B,27.22
4674,B,256.8
4675,B,2074.22
4676,B,170.1
4677,B,2448.25
4678,B,107.96
4679,B,984.56
4680,B,1822.22
4681,B,150.19
4682,B,1309.98
4683,B,100.09
4684,B,1466.62
4685,B,406.64
4686,B,1081.78
4687,B,1729.35
4688,B,375.04
4689,B,199.81
4690,B,196.59
4691,B,401.74
4692,B,1307.69
4693,B,1792.52
4694,B,1864.98
4695,B,375.98
4696,B,1269.63
4697,B,250.16
4698,B,657.58
4699,B,359.7
4700,B,932.02
4701,B,711.67
4702,B,355.53
4703,B,925.95
4704,B,3737.34
4705,B,492.93
4706,B,366.77
4707,B,1118.0
4708,B,2547.6
4709,B,50.88
4710,B,422.79
4711,B,91.78
4712,B,44.88
4713,B,163.31
4714,B,413.89
4715,B,2031.03
4716,B,1520.66
4717,B,242.75
4718,B,312.05
4719,B,164.32
4720,B,86.88
4721,B,176.15
4722,B,577.99
4723,B,45.98
4724,B,266.64
4725,B,96.58
4726,B,293.63
4727,B,2194.48
4728,B,495.25
4729,B,296.28
4730,B,285.77
4731,B,2662.24
4732,B,2761.9
4733,B,410.48
4734,B,1383.21
4735,B,187.87
4736,B,1044.79
4737,B,579.76
4738,B,173.52
4739,B,343.36
4740,B,507.93
4741,B,395.67
4742,B,326.94
4743,B,1551.12
4744,B,1415.02
4745,B,1724.13
4746,B,951.07
4747,B,280.29
4748,B,1956.75
4749,B,862.39
4750,B,492.66
4751,B,691.62
4752,B,1238.63
4753,B,171.77
4754,B,279.42
4755,B,854.49
4756,B,164.61
4757,B,347.83
4758,B,1259.82
4759,B,187.44
4760,B,247.63
4761,B,291.81
4762,B,459.18
4763,B,3967.63
4764,B,384.62
4765,B,1303.6
4766,B,80.4
4767,B,332.45
4768,B,272.13
4769,B,38.51
4770,B,170.05
4771,B,3406.22
4772,B,928.18
4773,B,533.32
4774,B,115.87
4775,B,441.77
4776,B,1000.27
4777,B,472.57
4778,B,103.38
4779,B,2597.04
4780,B,142.65
4781,B,312.04
4782,B,218.49
4783,B,2802.53
4784,B,216.54
4785,B,363.54
4786,B,1518.1
4787,B,2581.95
4788,B,2147.29
4789,B,115.09
4790,B,115.53
4791,B,502.02
4792,B,621.82
4793,B,1118.79
4794,B,2721.41
4795,B,1683.83
4796,B,376.47
4797,B,111.51
4798,B,256.46
4799,B,2236.89
4800,B,143.38
4801,B,261.0
4802,B,268.68
4803,B,284.1
4804,B,175.51
4805,B,160.88
4806,B,1822.44
4807,B,1148.98
4808,B,539.75
4809,B,4558.24
4810,B,275.14
4811,B,128.49
4812,B,311.2
4813,B,294.09
4814,B,3115.28
4815,B,191.03
4816,B,1205.58
4817,B,703.09
4818,B,187.8
4819,B,589.25
4820,B,577.99
4821,B,173.64
4822,B,714.05
4823,B,677.47
4824,B,230.06
4825,B,1197.12
4826,B,392.15
4827,B,601.6
4828,B,852.84
4829,B,628.33
4830,B,650.59
4831,B,1116.84
4832,B,149.44
4833,B,729.65
4834,B,274.89
4835,B,100.69
4836,B,47.46
4837,B,1016.99
4838,B,459.5
4839,B,220.65
4840,B,362.54
4841,B,245.39
4842,B,860.22
4843,B,318.42
4844,B,200.39
4845,B,80.02
4846,B,173.39
4847,B,236.47
4848,B,495.61
4849,B,1443.27
4850,B,209.54
4851,B,847.59
4852,B,619.33
4853,B,219.03
4854,B,35.62
4855,B,1317.06
4856,B,1108.21
4857,B,121.69
4858,B,55.95
4859,B,768.92
4860,B,1125.6
4861,B,239.39
4862,B,325.95
4863,B,270.91
4864,B,187.17
4865,B,124.14
4866,B,119.03
4867,B,235.45
4868,B,127.87
4869,B,227.7
4870,B,310.11
4871,B,195.8
4872,B,118.93
4873,B,985.76
4874,B,284.88
4875,B,115.9
4876,B,7976.43
4877,B,353.31
4878,B,586.92
4879,B,191.25
4880,B,584.43
4881,B,57.27
4882,B,1231.91
4883,B,1891.38
4884,B,386.85
4885,B,2312.37
4886,B,760.58
4887,B,248.97
4888,B,355.83
4889,B,1923.52
4890,B,449.44
4891,B,2614.68
4892,B,100.32
4893,B,225.67
4894,B,2294.68
4895,B,215.89
4896,B,1913.23
4897,B,219.4
4898,B,607.47
4899,B,1568.72
4900,B,441.3
4901,B,267.13
4902,B,296.88
4903,B,400.09
4904,B,1341.27
4905,B,3009.96
4906,B,1679.2
4907,B,469.08
4908,B,277.55
4909,B,238.31
4910,B,242.0
4911,B,305.02
4912,B,1123.28
4913,B,210.22
4914,B,80.81
4915,B,792.81
4916,B,429.75
4917,B,572.77
4918,B,414.31
4919,B,2573.04
4920,B,142.53
4921,B,1466.96
4922,B,4452.28
4923,B,2506.53
4924,B,98.44
4925,B,449.37
4926,B,223.26
4927,B,246.9
4928,B,791.3
4929,B,597.45
4930,B,281.02
4931,B,923.33
4932,B,674.53
4933,B,1136.27
4934,B,311.33
4935,B,1094.82
4936,B,262.72
4937,B,515.2
4938,B,316.52
4939,B,3127.49
4940,B,106.82
4941,B,78.08
4942,B,392.9
4943,B,2753.38
4944,B,107.36
4945,B,539.62
4946,B,2203.02
4947,B,130.51
4948,B,578.08
4949,B,124.65
4950,B,129.13
4951,B,153.9
4952,B,842.24
4953,B,467.16
4954,B,591.79
4955,B,325.07
4956,B,179.06
4957,B,1111.48
4958,B,261.44
4959,B,516.28
4960,B,334.54
4961,B,212.69
4962,B,572.09
4963,B,452.51
4964,B,1207.27
4965,B,451.31
4966,B,189.13
4967,B,372.95
4968,B,905.51
4969,B,63.37
4970,B,1566.52
4971,B,181.02
4972,B,1063.4
4973,B,301.41
4974,B,1068.23
4975,B,1834.44
4976,B,126.84
4977,B,208.98
4978,B,1446.64
4979,B,400.76
4980,B,145.17
4981,B,1496.81
4982,B,1204.01
4983,B,67.62
4984,B,1930.99
4985,B,250.91
4986,B,856.36
4987,B,1312.73
4988,B,1593.89
4989,B,1058.1
4990,B,627.21
4991,B,185.31
4992,B,671.06
4993,B,123.78
4994,B,294.19
4995,B,1800.16
4996,B,1792.13
4997,B,985.59
4998,B,322.54
4999,B,340.42
5000,B,157.01
5001,B,667.33
5002,B,1207.07
5003,B,128.35
5004,B,649.18
5005,B,256.36
5006,B,2341.89
5007,B,386.49
5008,B,829.11
5009,B,128.64
5010,B,348.46
5011,B,288.46
5012,B,147.71
5013,B,634.94
5014,B,761.47
5015,B,265.18
5016,B,56.24
5017,B,1643.55
5018,B,1133.35
5019,B,56.04
5020,B,168.45
5021,B,258.23
5022,B,262.63
5023,B,504.2
5024,B,709.62
5025,B,134.23
5026,B,1418.12
5027,B,676.95
5028,B,409.78
5029,B,1641.1
5030,B,2803.91
5031,B,879.9
5032,B,243.83
5033,B,1645.29
5034,B,340.13
5035,B,103.56
5036,B,220.52
5037,B,304.57
5038,B,2762.82
5039,B,560.97
5040,B,370.58
5041,B,742.39
5042,B,775.64
5043,B,578.25
5044,B,610.99
5045,B,573.35
5046,B,903.24
5047,B,291.49
5048,B,1443.06
5049,B,5745.44
5050,B,942.35
5051,B,1277.01
5052,B,390.45
5053,B,736.48
5054,B,809.35
5055,B,1154.52
5056,B,1133.85
5057,B,231.18
5058,B,535.23
5059,B,381.23
5060,B,453.09
5061,B,112.86
5062,B,1537.6
5063,B,126.54
5064,B,758.95
5065,B,222.32
5066,B,29.98
5067,B,201.69
5068,B,711.58
5069,B,298.54
5070,B,1171.43
5071,B,4150.99
5072,B,341.26
5073,B,181.96
5074,B,985.59
5075,B,185.84
5076,B,637.41
5077,B,848.5
5078,B,266.45
5079,B,212.36
5080,B,64.01
5081,B,472.32
5082,B,1949.54
5083,B,224.04
5084,B,713.84
5085,B,666.8
5086,B,1716.65
5087,B,139.94
5088,B,303.84
5089,B,143.29
5090,B,246.42
5091,B,126.4
5092,B,1765.34
5093,B,120.63
5094,B,310.89
5095,B,1407.27
5096,B,365.76
5097,B,152.77
5098,B,135.35
5099,B,621.06
5100,B,66.8
5101,B,155.89
5102,B,1450.8
5103,B,1138.56
5104,B,147.28
5105,B,933.96
5106,B,266.3
5107,B,197.93
5108,B,281.06
5109,B,168.03
5110,B,201.33
5111,B,594.6
5112,B,411.4
5113,B,240.57
5114,B,2694.32
5115,B,232.19
5116,B,169.32
5117,B,167.13
5118,B,103.84
5119,B,29.4
5120,B,2013.7
5121,B,2764.91
5122,B,321.69
5123,B,156.76
5124,B,72.6
5125,B,338.28
5126,B,398.79
5127,B,3075.86
5128,B,807.0
5129,B,1281.95
5130,B,850.34
5131,B,71.79
5132,B,875.05
5133,B,125.73
5134,B,249.1
5135,B,166.22
5136,B,128.61
5137,B,420.54
5138,B,1058.13
5139,B,147.64
5140,B,388.02
5141,B,2281.94
5142,B,535.21
5143,B,1566.06
5144,B,139.66
5145,B,888.13
5146,B,96.2
5147,B,863.95
5148,B,346.36
5149,B,1195.04
5150,B,82.19
5151,B,1210.78
5152,B,450.35
5153,B,2385.43
5154,B,469.16
5155,B,899.47
5156,B,321.75
5157,B,188.44
5158,B,71.62
5159,B,5114.6
5160,B,125.8
5161,B,218.45
5162,B,87.24
5163,B,257.25
5164,B,523.32
5165,B,278.1
5166,B,352.41
5167,B,309.06
5168,B,504.36
5169,B,214.53
5170,B,161.62
5171,B,408.57
5172,B,1760.35
5173,B,500.05
5174,B,216.72
5175,B,1503.21
5176,B,315.0
5177,B,1331.55
5178,B,63.52
5179,B,192.2
5180,B,993.02
5181,B,1259.32
5182,B,307.6
5183,B,680.38
5184,B,263.72
5185,B,4129.01
5186,B,497.18
5187,B,349.25
5188,B,123.87
5189,B,570.75
5190,B,113.18
5191,B,1729.2
5192,B,78.65
5193,B,130.63
5194,B,432.95
5195,B,299.01
5196,B,420.13
5197,B,2465.58
5198,B,404.87
5199,B,389.85
5200,B,1837.82
5201,B,125.29
5202,B,825.09
5203,B,716.2
5204,B,350.94
5205,B,834.62
5206,B,289.49
5207,B,1392.42
5208,B,120.38
5209,B,1592.81
5210,B,41.6
5211,B,279.68
5212,B,786.71
5213,B,952.37
5214,B,170.6
5215,B,265.28
5216,B,539.65
5217,B,980.1
5218,B,169.21
5219,B,1043.81
5220,B,477.05
5221,B,61.42
5222,B,1151.94
5223,B,266.26
5224,B,1304.11
5225,B,1113.79
5226,B,5685.73
5227,B,29.2
5228,B,394.8
5229,B,428.22
5230,B,569.39
5231,B,1259.74
5232,B,235.94
5233,B,472.2
5234,B,431.9
5235,B,465.05
5236,B,1946.51
5237,B,558.07
5238,B,630.75
5239,B,137.41
5240,B,7651.83
5241,B,170.96
5242,B,192.3
5243,B,750.7
5244,B,283.95
5245,B,737.44
5246,B,316.83
5247,B,969.74
5248,B,109.72
5249,B,804.0
5250,B,250.13
5251,B,3821.38
5252,B,128.74
5253,B,2744.06
5254,B,122.39
5255,B,3365.99
5256,B,661.58
5257,B,513.35
5258,B,289.8
5259,B,379.6
5260,B,183.6
5261,B,4244.43
5262,B,2090.22
5263,B,382.51
5264,B,120.39
5265,B,143.89
5266,B,1293.22
5267,B,645.42
5268,B,413.36
5269,B,190.27
5270,B,458.33
5271,B,3206.12
5272,B,916.89
5273,B,143.73
5274,B,6754.18
5275,B,171.34
5276,B,163.08
5277,B,1542.17
5278,B,279.5
5279,B,1138.11
5280,B,215.23
5281,B,255.44
5282,B,265.73
5283,B,104.43
5284,B,129.6
5285,B,103.74
5286,B,227.36
5287,B,833.55
5288,B,582.23
5289,B,595.0
5290,B,611.93
5291,B,733.76
5292,B,1409.28
5293,B,407.31
5294,B,119.38
5295,B,374.2
5296,B,134.22
5297,B,119.85
5298,B,1272.31
5299,B,3541.64
5300,B,65.76
5301,B,509.28
5302,B,29.97
5303,B,714.6
5304,B,112.09
5305,B,1278.27
5306,B,58.43
5307,B,373.05
5308,B,265.58
5309,B,971.12
5310,B,372.78
5311,B,263.86
5312,B,315.63
5313,B,1071.57
5314,B,53.58
5315,B,376.38
5316,B,174.4
5317,B,818.84
5318,B,1016.26
5319,B,427.77
5320,B,378.84
5321,B,151.02
5322,B,349.8
5323,B,17.33
5324,B,2304.92
5325,B,143.72
5326,B,283.79
5327,B,1468.3
5328,B,555.14
5329,B,168.27
5330,B,165.0
5331,B,477.84
5332,B,1620.13
5333,B,292.17
5334,B,472.61
5335,B,603.62
5336,B,583.21
5337,B,452.7
5338,B,385.61
5339,B,646.01
5340,B,2831.36
5341,B,359.19
5342,B,838.58
5343,B,330.23
5344,B,760.19
5345,B,428.01
5346,B,798.37
5347,B,601.38
5348,B,538.71
5349,B,735.0
5350,B,197.02
5351,B,1116.75
5352,B,708.72
5353,B,2614.35
5354,B,122.65
5355,B,215.76
5356,B,466.95
5357,B,289.64
5358,B,803.65
5359,B,636.59
5360,B,692.77
5361,B,270.15
5362,B,4832.69
5363,B,704.39
5364,B,139.72
5365,B,96.61
5366,B,298.04
5367,B,334.4
5368,B,91.29
5369,B,728.09
5370,B,992.82
5371,B,69.67
5372,B,124.63
5373,B,679.43
5374,B,175.65
5375,B,521.82
5376,B,1292.49
5377,B,1197.76
5378,B,52.84
5379,B,622.4
5380,B,1090.71
5381,B,380.91
5382,B,216.19
5383,B,385.04
5384,B,736.69
5385,B,1168.38
5386,B,3255.76
5387,B,4379.19
5388,B,3513.16
5389,B,1820.0
5390,B,1231.44
5391,B,270.78
5392,B,339.79
5393,B,2728.77
5394,B,672.18
5395,B,1266.2
5396,B,123.99
5397,B,360.29
5398,B,772.69
5399,B,1704.04
5400,B,71.18
5401,B,65.25
5402,B,540.31
5403,B,3391.61
5404,B,552.46
5405,B,2962.37
5406,B,824.41
5407,B,322.39
5408,B,559.71
5409,B,2670.91
5410,B,287.76
5411,B,1878.04
5412,B,172.51
5413,B,423.17
5414,B,313.85
5415,B,210.51
5416,B,1204.96
5417,B,1141.79
5418,B,227.96
5419,B,1454.38
5420,B,3019.27
5421,B,379.76
5422,B,150.38
5423,B,339.6
5424,B,151.46
5425,B,1503.79
5426,B,213.82
5427,B,393.06
5428,B,304.82
5429,B,1159.92
5430,B,399.83
5431,B,1011.85
5432,B,429.51
5433,B,677.82
5434,B,556.02
5435,B,203.55
5436,B,224.39
5437,B,574.51
5438,B,216.69
5439,B,73.97
5440,B,2608.41
5441,B,1034.77
5442,B,2142.4
5443,B,1601.66
5444,B,271.99
5445,B,729.11
5446,B,266.93
5447,B,160.06
5448,B,31.57
5449,B,281.83
5450,B,388.03
5451,B,114.68
5452,B,218.02
5453,B,114.39
5454,B,155.0
5455,B,135.89
5456,B,678.16
5457,B,1531.28
5458,B,80.14
5459,B,3346.72
5460,B,877.95
5461,B,1050.06
5462,B,320.0
5463,B,242.51
5464,B,22.68
5465,B,136.12
5466,B,1082.13
5467,B,79.77
5468,B,246.77
5469,B,817.19
5470,B,630.96
5471,B,300.75
5472,B,426.64
5473,B,538.47
5474,B,66.83
5475,B,254.65
5476,B,530.23
5477,B,148.06
5478,B,348.81
5479,B,175.26
5480,B,1344.95
5481,B,633.89
5482,B,725.75
5483,B,730.3
5484,B,43.52
5485,B,470.1
5486,B,81.15
5487,B,155.97
5488,B,785.3
5489,B,2032.23
5490,B,1595.14
5491,B,82.18
5492,B,153.5
5493,B,10.96
5494,B,787.66
5495,B,119.18
5496,B,1463.86
5497,B,572.18
5498,B,681.03
5499,B,225.35
5500,B,1058.77
5501,B,3075.46
5502,B,68.14
5503,B,515.66
5504,B,240.39
5505,B,260.6
5506,B,405.89
5507,B,306.29
5508,B,698.51
5509,B,932.05
5510,B,2719.28
5511,B,283.68
5512,B,476.6
5513,B,383.1
5514,B,262.81
5515,B,163.08
5516,B,310.86
5517,B,160.75
5518,B,5178.89
5519,B,1321.02
5520,B,201.78
5521,B,449.88
5522,B,535.3
5523,B,69.7
5524,B,861.29
5525,B,115.81
5526,B,268.84
5527,B,146.31
5528,B,204.13
5529,B,277.43
5530,B,342.78
5531,B,38.64
5532,B,237.42
5533,B,225.74
5534,B,81.8
5535,B,228.56
5536,B,392.69
5537,B,97.55
5538,B,168.1
5539,B,252.99
5540,B,461.99
5541,B,314.49
5542,B,116.52
5543,B,271.74
5544,B,497.84
5545,B,564.2
5546,B,596.15
5547,B,1463.94
5548,B,258.34
5549,B,272.55
5550,B,188.34
5551,B,300.24
5552,B,83.01
5553,B,278.47
5554,B,2246.2
5555,B,1008.01
5556,B,2145.76
5557,B,1476.82
5558,B,341.03
5559,B,49.26
5560,B,188.75
5561,B,1261.48
5562,B,56.79
5563,B,730.11
5564,B,472.97
5565,B,2471.49
5566,B,699.83
5567,B,133.98
5568,B,56.72
5569,B,74.4
5570,B,963.56
5571,B,1404.0
5572,B,84.6
5573,B,345.96
5574,B,683.47
5575,B,393.8
5576,B,171.47
5577,B,123.6
5578,B,281.28
5579,B,1561.86
5580,B,226.75
5581,B,319.87
5582,B,640.25
5583,B,146.1
5584,B,1229.64
5585,B,244.42
5586,B,694.79
5587,B,392.08
5588,B,156.36
5589,B,270.87
5590,B,458.71
5591,B,423.07
5592,B,270.53
5593,B,4712.26
5594,B,386.32
5595,B,495.9
5596,B,1507.14
5597,B,70.61
5598,B,183.32
5599,B,1648.5
5600,B,83.08
5601,B,402.3
5602,B,749.48
5603,B,1522.73
5604,B,624.91
5605,B,55.93
5606,B,536.34
5607,B,75.83
5608,B,55.63
5609,B,130.95
5610,B,225.73
5611,B,3514.47
5612,B,425.45
5613,B,218.1
5614,B,1804.69
5615,B,439.22
5616,B,278.7
5617,B,463.95
5618,B,40.52
5619,B,759.52
5620,B,1012.45
5621,B,76.92
5622,B,744.42
5623,B,579.52
5624,B,1077.03
5625,B,447.39
5626,B,114.27
5627,B,2426.02
5628,B,4242.54
5629,B,570.34
5630,B,296.5
5631,B,1041.27
5632,B,3188.43
5633,B,539.46
5634,B,810.97
5635,B,618.92
5636,B,822.47
5637,B,353.28
5638,B,60.33
5639,B,1398.68
5640,B,853.88
5641,B,351.31
5642,B,834.24
5643,B,910.29
5644,B,244.66
5645,B,267.91
5646,B,546.19
5647,B,526.76
5648,B,61.6
5649,B,66.02
5650,B,657.37
5651,B,203.03
5652,B,518.89
5653,B,199.79
5654,B,184.24
5655,B,134.47
5656,B,120.2
5657,B,248.81
5658,B,459.68
5659,B,158.56
5660,B,3708.14
5661,B,256.21
5662,B,135.85
5663,B,2046.88
5664,B,59.75
5665,B,135.95
5666,B,100.66
5667,B,425.38
5668,B,984.5
5669,B,140.58
5670,B,1045.41
5671,B,1602.95
5672,B,647.08
5673,B,298.88
5674,B,115.52
5675,B,126.65
5676,B,1367.88
5677,B,338.12
5678,B,977.69
5679,B,883.89
5680,B,344.59
5681,B,161.81
5682,B,173.14
5683,B,452.12
5684,B,123.6
5685,B,767.4
5686,B,5118.45
5687,B,2327.72
5688,B,408.73
5689,B,536.15
5690,B,1776.54
5691,B,209.63
5692,B,827.89
5693,B,479.14
5694,B,285.58
5695,B,876.18
5696,B,361.53
5697,B,1842.95
5698,B,180.15
5699,B,2232.33
5700,B,290.44
5701,B,746.65
5702,B,536.65
5703,B,686.32
5704,B,126.54
5705,B,28.03
5706,B,848.15
5707,B,455.9
5708,B,1464.79
5709,B,840.61
5710,B,909.55
5711,B,404.55
5712,B,1619.83
5713,B,206.46
5714,B,369.01
5715,B,186.59
5716,B,218.52
5717,B,149.91
5718,B,745.04
5719,B,64.28
5720,B,136.9
5721,B,270.28
5722,B,100.85
5723,B,559.45
5724,B,149.75
5725,B,192.27
5726,B,315.45
5727,B,143.55
5728,B,79.76
5729,B,607.82
5730,B,33.47
5731,B,1944.72
5732,B,847.32
5733,B,1002.47
5734,B,109.5
5735,B,1052.55
5736,B,126.84
5737,B,193.76
5738,B,867.25
5739,B,1074.43
5740,B,225.68
5741,B,122.52
5742,B,663.02
5743,B,639.78
5744,B,1025.32
5745,B,490.95
5746,B,553.1
5747,B,296.53
5748,B,480.77
5749,B,225.35
5750,B,1009.07
5751,B,342.74
5752,B,222.39
5753,B,1120.92
5754,B,79.05
5755,B,397.42
5756,B,563.71
5757,B,528.03
5758,B,265.19
5759,B,305.36
5760,B,18.69
5761,B,261.21
5762,B,8370.03
5763,B,1102.85
5764,B,316.32
5765,B,54.51
5766,B,2094.05
5767,B,532.09
5768,B,487.12
5769,B,480.24
5770,B,724.29
5771,B,673.5
5772,B,1119.8
5773,B,963.29
5774,B,5705.07
5775,B,302.28
5776,B,2071.39
5777,B,718.48
5778,B,2398.05
5779,B,955.89
5780,B,71.42
5781,B,2324.14
5782,B,6530.71
5783,B,170.82
5784,B,2351.19
5785,B,437.96
5786,B,1751.59
5787,B,261.37
5788,B,423.13
5789,B,939.9
5790,B,1738.42
5791,B,2022.83
5792,B,228.13
5793,B,2234.59
5794,B,2946.07
5795,B,278.09
5796,B,347.6
5797,B,1224.2
5798,B,235.93
5799,B,362.11
5800,B,71.31
5801,B,38.51
5802,B,110.43
5803,B,176.31
5804,B,251.76
5805,B,811.4
5806,B,3161.76
5807,B,864.15
5808,B,55.37
5809,B,1691.95
5810,B,235.88
5811,B,109.35
5812,B,128.63
5813,B,823.02
5814,B,134.1
5815,B,608.4
5816,B,555.2
5817,B,519.78
5818,B,256.88
5819,B,388.55
5820,B,333.59
5821,B,790.2
5822,B,633.2
5823,B,177.56
5824,B,1517.0
5825,B,343.85
5826,B,591.75
5827,B,385.69
5828,B,208.09
5829,B,180.6
5830,B,101.75
5831,B,1322.43
5832,B,349.94
5833,B,749.87
5834,B,46.45
5835,B,147.19
5836,B,304.43
5837,B,736.06
5838,B,1802.07
5839,B,41.0
5840,B,589.16
5841,B,144.09
5842,B,2225.92
5843,B,652.7
5844,B,2875.35
5845,B,290.26
5846,B,362.36
5847,B,715.02
5848,B,488.63
5849,B,473.05
5850,B,1000.86
5851,B,144.08
5852,B,93.23
5853,B,400.93
5854,B,24.64
5855,B,199.81
5856,B,326.05
5857,B,226.16
5858,B,241.06
5859,B,281.82
5860,B,261.72
5861,B,66.54
5862,B,859.68
5863,B,1127.08
5864,B,237.16
5865,B,470.09
5866,B,75.81
5867,B,468.36
5868,B,388.45
5869,B,329.86
5870,B,733.77
5871,B,488.74
5872,B,287.25
5873,B,121.86
5874,B,602.54
5875,B,139.7
5876,B,672.13
5877,B,353.1
5878,B,475.11
5879,B,1973.9
5880,B,489.6
5881,B,536.48
5882,B,595.51
5883,B,580.36
5884,B,516.31
5885,B,109.71
5886,B,756.17
5887,B,286.06
5888,B,665.66
5889,B,1606.2
5890,B,246.42
5891,B,337.34
5892,B,3069.17
5893,B,371.79
5894,B,300.32
5895,B,594.87
5896,B,936.11
5897,B,354.75
5898,B,1152.78
5899,B,1967.18
5900,B,240.66
5901,B,278.95
5902,B,294.48
5903,B,199.28
5904,B,292.92
5905,B,323.1
5906,B,291.4
5907,B,61.1
5908,B,345.53
5909,B,201.43
5910,B,406.89
5911,B,525.98
5912,B,126.35
5913,B,1927.76
5914,B,78.6
5915,B,4398.64
5916,B,608.71
5917,B,703.49
5918,B,1487.94
5919,B,48.66
5920,B,339.65
5921,B,799.34
5922,B,364.85
5923,B,291.36
5924,B,1165.32
5925,B,780.23
5926,B,100.49
5927,B,284.13
5928,B,389.63
5929,B,172.48
5930,B,1641.47
5931,B,3464.2
5932,B,383.42
5933,B,1030.16
5934,B,644.01
5935,B,1403.3
5936,B,677.42
5937,B,69.15
5938,B,574.11
5939,B,671.76
5940,B,238.3
5941,B,6131.5
5942,B,438.08
5943,B,646.77
5944,B,1481.29
5945,B,94.99
5946,B,1071.95
5947,B,691.53
5948,B,1106.47
5949,B,52.28
5950,B,290.92
5951,B,115.32
5952,B,133.27
5953,B,371.42
5954,B,1222.63
5955,B,294.52
5956,B,78.71
5957,B,42.65
5958,B,1437.76
5959,B,1130.47
5960,B,536.47
5961,B,986.61
5962,B,57.21
5963,B,175.31
5964,B,1202.93
5965,B,231.17
5966,B,202.39
5967,B,1158.17
5968,B,225.94
5969,B,459.19
5970,B,230.72
5971,B,322.68
5972,B,483.98
5973,B,1447.32
5974,B,3551.86
5975,B,474.92
5976,B,635.4
5977,B,199.49
5978,B,106.26
5979,B,295.66
5980,B,156.82
5981,B,184.17
5982,B,513.86
5983,B,115.94
5984,B,394.9
5985,B,500.04
5986,B,2377.06
5987,B,26.61
5988,B,454.85
5989,B,1574.12
5990,B,114.34
5991,B,401.44
5992,B,2988.38
5993,B,188.2
5994,B,535.02
5995,B,539.03
5996,B,447.25
5997,B,2604.16
5998,B,579.48
5999,B,212.0
6000,B,355.78
6001,B,106.38
6002,B,226.14
6003,B,221.76
6004,B,241.19
6005,B,244.92
6006,B,1179.87
6007,B,3670.46
6008,B,352.28
6009,B,115.76
6010,B,5430.9
6011,B,206.68
6012,B,264.31
6013,B,563.03
6014,B,426.75
6015,B,555.29
6016,B,590.28
6017,B,2631.24
6018,B,11063.15
6019,B,139.85
6020,B,111.84
6021,B,95.77
6022,B,407.9
6023,B,674.09
6024,B,3387.68
6025,B,864.83
6026,B,720.87
6027,B,618.8
6028,B,503.24
6029,B,933.74
6030,B,88.34
6031,B,429.44
6032,B,3760.7
6033,B,11022.18
6034,B,24.25
6035,B,167.77
6036,B,1654.88
6037,B,797.76
6038,B,157.52
6039,B,587.51
6040,B,1033.8
6041,B,268.82
6042,B,389.74
6043,B,100.75
6044,B,1818.93
6045,B,144.44
6046,B,1149.29
6047,B,230.88
6048,B,520.34
6049,B,6857.67
6050,B,3603.83
6051,B,40.2
6052,B,953.25
6053,B,356.08
6054,B,1038.2
6055,B,1075.18
6056,B,4156.67
6057,B,187.44
6058,B,128.01
6059,B,3913.08
6060,B,460.17
6061,B,260.1
6062,B,600.31
6063,B,86.47
6064,B,157.62
6065,B,607.52
6066,B,732.37
6067,B,337.03
6068,B,253.58
6069,B,185.19
6070,B,1243.24
6071,B,19285.83
6072,B,79.47
6073,B,64.34
6074,B,396.04
6075,B,2108.56
6076,B,365.48
6077,B,2862.22
6078,B,733.09
6079,B,497.98
6080,B,3000.07
6081,B,236.7
6082,B,636.39
6083,B,383.79
6084,B,109.17
6085,B,2559.37
6086,B,180.5
6087,B,774.46
6088,B,727.4
6089,B,1517.06
6090,B,332.19
6091,B,986.15
6092,B,258.25
6093,B,759.42
6094,B,2084.15
6095,B,93.51
6096,B,100.87
6097,B,1468.21
6098,B,65.86
6099,B,781.54
6100,B,266.53
6101,B,1032.89
6102,B,2120.62
6103,B,526.05
6104,B,649.27
6105,B,448.91
6106,B,198.84
6107,B,3534.22
6108,B,1460.57
6109,B,305.19
6110,B,1234.56
6111,B,306.32
6112,B,4440.7
6113,B,47.53
6114,B,1565.2
6115,B,321.35
6116,B,258.11
6117,B,315.08
6118,B,3455.91
6119,B,545.05
6120,B,1331.93
6121,B,257.25
6122,B,87.39
6123,B,311.45
6124,B,364.7
6125,B,424.34
6126,B,674.3
6127,B,307.44
6128,B,4421.02
6129,B,829.89
6130,B,437.62
6131,B,913.04
6132,B,379.24
6133,B,550.66
6134,B,890.72
6135,B,1929.31
6136,B,1667.65
6137,B,295.83
6138,B,2129.59
6139,B,428.33
6140,B,5417.2
6141,B,152.44
6142,B,2310.84
6143,B,166.93
6144,B,392.81
6145,B,739.11
6146,B,132.0
6147,B,263.08
6148,B,1739.04
6149,B,322.7
6150,B,650.64
6151,B,59.01
6152,B,194.9
6153,B,250.56
6154,B,69.98
6155,B,148.31
6156,B,117.07
6157,B,89.18
6158,B,707.71
6159,B,1317.27
6160,B,157.37
6161,B,792.65
6162,B,1155.66
6163,B,873.06
6164,B,275.91
6165,B,1175.93
6166,B,120.09
6167,B,3365.74
6168,B,588.82
6169,B,467.25
6170,B,90.57
6171,B,2714.54
6172,B,262.73
6173,B,129.13
6174,B,741.15
6175,B,379.8
6176,B,344.64
6177,B,455.45
6178,B,125.31
6179,B,2162.16
6180,B,239.74
6181,B,297.48
6182,B,282.03
6183,B,207.25
6184,B,314.24
6185,B,1807.31
6186,B,2070.95
6187,B,92.39
6188,B,463.13
6189,B,548.8
6190,B,788.4
6191,B,975.03
6192,B,106.24
6193,B,3296.98
6194,B,935.71
6195,B,174.81
6196,B,1323.32
6197,B,2699.46
6198,B,239.72
6199,B,427.16
6200,B,186.76
6201,B,239.38
6202,B,1745.28
6203,B,254.0
6204,B,153.65
6205,B,1548.09
6206,B,339.73
6207,B,285.54
6208,B,74.42
6209,B,476.32
6210,B,216.64
6211,B,1379.44
6212,B,222.44
6213,B,177.69
6214,B,4726.65
6215,B,216.52
6216,B,129.1
6217,B,122.95
6218,B,1156.3
6219,B,700.09
6220,B,240.68
6221,B,378.58
6222,B,2548.96
6223,B,1214.84
6224,B,653.05
6225,B,1772.56
6226,B,134.8
6227,B,118.32
6228,B,667.84
6229,B,114.73
6230,B,3665.67
6231,B,1422.85
6232,B,1437.34
6233,B,4478.77
6234,B,383.35
6235,B,142.1
6236,B,69.76
6237,B,1002.43
6238,B,602.59
6239,B,847.62
6240,B,135.33
6241,B,948.03
6242,B,1677.5
6243,B,186.75
6244,B,72.8
6245,B,289.94
6246,B,49.91
6247,B,2112.48
6248,B,372.03
6249,B,527.78
6250,B,398.33
6251,B,1406.05
6252,B,254.06
6253,B,396.47
6254,B,624.73
6255,B,225.15
6256,B,444.18
6257,B,5287.96
6258,B,174.8
6259,B,17.45
6260,B,178.15
6261,B,432.86
6262,B,749.6
6263,B,356.23
6264,B,355.58
6265,B,1213.25
6266,B,423.79
6267,B,2614.95
6268,B,130.93
6269,B,1221.11
6270,B,294.72
6271,B,161.19
6272,B,1136.92
6273,B,503.02
6274,B,555.21
6275,B,335.06
6276,B,82.25
6277,B,438.43
6278,B,392.44
6279,B,94.66
6280,B,2056.76
6281,B,211.13
6282,B,694.78
6283,B,271.97
6284,B,567.66
6285,B,818.23
6286,B,181.47
6287,B,1096.93
6288,B,798.5
6289,B,759.44
6290,B,67.91
6291,B,322.9
6292,B,104.3
6293,B,68.83
6294,B,1763.65
6295,B,953.64
6296,B,347.36
6297,B,156.93
6298,B,1420.02
6299,B,1406.88
6300,B,191.43
6301,B,51.27
6302,B,120.3
6303,B,311.57
6304,B,597.5
6305,B,1494.73
6306,B,1837.48
6307,B,488.96
6308,B,406.68
6309,B,332.45
6310,B,157.93
6311,B,624.58
6312,B,207.32
6313,B,152.8
6314,B,323.17
6315,B,1823.88
6316,B,233.98
6317,B,382.26
6318,B,80.16
6319,B,1499.74
6320,B,3281.18
6321,B,4414.97
6322,B,804.66
6323,B,275.4
6324,B,431.67
6325,B,112.86
6326,B,1841.98
6327,B,67.98
6328,B,319.13
6329,B,262.02
6330,B,95.43
6331,B,46.3
6332,B,751.7
6333,B,312.59
6334,B,1753.52
6335,B,230.2
6336,B,284.42
6337,B,297.56
6338,B,167.32
6339,B,68.78
6340,B,24075.67
6341,B,881.67
6342,B,362.62
6343,B,1383.07
6344,B,92.03
6345,B,594.2
6346,B,3816.5
6347,B,598.31
6348,B,592.12
6349,B,1275.72
6350,B,655.75
6351,B,86.29
6352,B,992.63
6353,B,1740.42
6354,B,565.37
6355,B,74.6
6356,B,126.07
6357,B,296.35
6358,B,1955.51
6359,B,4297.89
6360,B,1897.35
6361,B,1610.18
6362,B,461.95
6363,B,348.87
6364,B,1293.12
6365,B,690.13
6366,B,164.58
6367,B,106.79
6368,B,529.12
6369,B,170.8
6370,B,999.91
6371,B,1128.57
6372,B,358.41
6373,B,115.71
6374,B,17.88
6375,B,109.75
6376,B,237.43
6377,B,95.97
6378,B,377.13
6379,B,784.11
6380,B,589.19
6381,B,90.75
6382,B,48.5
6383,B,51.8
6384,B,213.81
6385,B,1330.82
6386,B,381.34
6387,B,667.81
6388,B,310.84
6389,B,425.54
6390,B,610.73
6391,B,1165.02
6392,B,510.45
6393,B,528.86
6394,B,131.58
6395,B,98.87
6396,B,1497.28
6397,B,172.63
6398,B,2476.11
6399,B,4254.6
6400,B,544.42
6401,B,143.92
6402,B,1892.8
6403,B,1996.44
6404,B,601.13
6405,B,102.31
6406,B,1412.27
6407,B,1263.42
6408,B,1048.12
6409,B,536.48
6410,B,870.36
6411,B,199.58
6412,B,213.01
6413,B,811.17
6414,B,116.04
6415,B,243.89
6416,B,258.86
6417,B,1408.71
6418,B,186.3
6419,B,468.1
6420,B,674.79
6421,B,742.57
6422,B,189.07
6423,B,1013.46
6424,B,3268.97
6425,B,581.34
6426,B,1165.56
6427,B,25.27
6428,B,7320.37
6429,B,467.26
6430,B,1240.93
6431,B,369.83
6432,B,149.02
6433,B,551.8
6434,B,426.08
6435,B,529.84
6436,B,4803.59
6437,B,128.88
6438,B,764.21
6439,B,1102.03
6440,B,176.95
6441,B,49.79
6442,B,322.02
6443,B,1026.24
6444,B,686.48
6445,B,272.74
6446,B,163.36
6447,B,314.74
6448,B,180.71
6449,B,1716.3
6450,B,183.38
6451,B,401.71
6452,B,601.06
6453,B,2237.81
6454,B,71.92
6455,B,133.86
6456,B,717.81
6457,B,772.38
6458,B,824.99
6459,B,432.69
6460,B,308.04
6461,B,1419.04
6462,B,740.98
6463,B,675.64
6464,B,249.31
6465,B,359.18
6466,B,253.05
6467,B,474.35
6468,B,283.67
6469,B,276.62
6470,B,393.58
6471,B,1107.78
6472,B,272.3
6473,B,267.8
6474,B,555.37
6475,B,808.2
6476,B,1787.02
6477,B,394.84
6478,B,857.86
6479,B,103.49
6480,B,157.02
6481,B,1079.0
6482,B,1252.39
6483,B,265.58
6484,B,52.53
6485,B,211.18
6486,B,164.62
6487,B,407.27
6488,B,128.2
6489,B,1193.86
6490,B,188.58
6491,B,358.77
6492,B,526.35
6493,B,292.35
6494,B,1892.16
6495,B,902.35
6496,B,254.63
6497,B,392.66
6498,B,117.61
6499,B,119.69
6500,B,241.14
6501,B,488.91
6502,B,262.45
6503,B,243.33
6504,B,443.37
6505,B,3112.24
6506,B,107.01
6507,B,313.38
6508,B,240.97
6509,B,1183.92
6510,B,1109.83
6511,B,709.8
6512,B,157.39
6513,B,299.22
6514,B,303.18
6515,B,164.32
6516,B,746.37
6517,B,194.4
6518,B,260.2
6519,B,91.56
6520,B,141.74
6521,B,746.89
6522,B,248.92
6523,B,171.99
6524,B,136.94
6525,B,762.22
6526,B,641.65
6527,B,272.49
6528,B,712.16
6529,B,664.15
6530,B,1626.14
6531,B,672.34
6532,B,337.21
6533,B,1325.67
6534,B,95.13
6535,B,129.52
6536,B,989.09
6537,B,221.43
6538,B,287.5
6539,B,1158.62
6540,B,93.96
6541,B,796.21
6542,B,275.23
6543,B,885.68
6544,B,533.59
6545,B,1083.06
6546,B,835.96
6547,B,42.5
6548,B,1891.12
6549,B,1079.54
6550,B,221.14
6551,B,276.78
6552,B,57.28
6553,B,189.55
6554,B,11720.3
6555,B,114.02
6556,B,74.84
6557,B,535.24
6558,B,183.82
6559,B,131.92
6560,B,1398.49
6561,B,811.06
6562,B,613.1
6563,B,90.75
6564,B,168.45
6565,B,2652.96
6566,B,256.09
6567,B,515.02
6568,B,156.21
6569,B,593.17
6570,B,5267.29
6571,B,650.4
6572,B,2480.0
6573,B,377.31
6574,B,2013.37
6575,B,1134.76
6576,B,1029.78
6577,B,437.64
6578,B,774.55
6579,B,453.7
6580,B,30.86
6581,B,200.66
6582,B,444.27
6583,B,582.84
6584,B,68.81
6585,B,2063.15
6586,B,416.13
6587,B,523.84
6588,B,81.06
6589,B,1442.87
6590,B,475.8
6591,B,100.73
6592,B,35.15
6593,B,616.92
6594,B,217.87
6595,B,321.36
6596,B,215.1
6597,B,184.89
6598,B,414.22
6599,B,862.71
6600,B,331.95
6601,B,147.14
6602,B,415.26
6603,B,456.93
6604,B,506.78
6605,B,1307.53
6606,B,476.36
6607,B,109.56
6608,B,219.83
6609,B,268.04
6610,B,2943.89
6611,B,132.91
6612,B,97.7
6613,B,488.57
6614,B,496.75
6615,B,421.01
6616,B,399.81
6617,B,387.1
6618,B,80.63
6619,B,6462.06
6620,B,1454.9
6621,B,232.16
6622,B,15.37
6623,B,648.46
6624,B,506.17
6625,B,340.99
6626,B,516.47
6627,B,548.19
6628,B,501.4
6629,B,1749.57
6630,B,658.4
6631,B,193.62
6632,B,79.72
6633,B,379.45
6634,B,200.24
6635,B,3254.85
6636,B,380.97
6637,B,935.7
6638,B,722.38
6639,B,1812.09
6640,B,79.27
6641,B,1287.65
6642,B,207.16
6643,B,108.17
6644,B,666.5
6645,B,146.55
6646,B,241.59
6647,B,260.58
6648,B,2791.44
6649,B,1735.06
6650,B,1864.58
6651,B,183.65
6652,B,188.36
6653,B,4934.17
6654,B,588.08
6655,B,744.02
6656,B,377.84
6657,B,260.65
6658,B,122.76
6659,B,503.89
6660,B,226.78
6661,B,672.37
6662,B,182.11
6663,B,721.35
6664,B,190.84
6665,B,327.79
6666,B,186.35
6667,B,96.02
6668,B,229.64
6669,B,596.11
6670,B,382.25
6671,B,341.0
6672,B,2490.11
6673,B,24527.2
6674,B,1664.83
6675,B,428.63
6676,B,1209.66
6677,B,1152.25
6678,B,817.17
6679,B,864.38
6680,B,347.44
6681,B,1030.34
6682,B,283.89
6683,B,394.91
6684,B,3326.63
6685,B,550.0
6686,B,586.3
6687,B,1716.08
6688,B,236.03
6689,B,1322.31
6690,B,2269.85
6691,B,881.33
6692,B,4781.44
6693,B,313.7
6694,B,130.78
6695,B,327.05
6696,B,575.97
6697,B,301.41
6698,B,45.03
6699,B,879.49
6700,B,281.55
6701,B,48.3
6702,B,993.84
6703,B,289.91
6704,B,767.32
6705,B,2712.77
6706,B,162.68
6707,B,246.68
6708,B,797.43
6709,B,60.73
6710,B,747.25
6711,B,140.45
6712,B,394.43
6713,B,289.69
6714,B,1246.27
6715,B,1923.6
6716,B,250.4
6717,B,334.96
6718,B,2131.36
6719,B,264.23
6720,B,1369.07
6721,B,463.91
6722,B,786.01
6723,B,166.04
6724,B,51.72
6725,B,113.1
6726,B,837.36
6727,B,295.09
6728,B,384.61
6729,B,519.32
6730,B,1107.64
6731,B,430.02
6732,B,3033.91
6733,B,297.51
6734,B,221.67
6735,B,1104.01
6736,B,109.46
6737,B,304.41
6738,B,274.02
6739,B,201.63
6740,B,165.15
6741,B,191.05
6742,B,2048.1
6743,B,564.86
6744,B,280.24
6745,B,457.43
6746,B,648.61
6747,B,280.85
6748,B,165.6
6749,B,386.95
6750,B,146.48
6751,B,410.5
6752,B,175.53
6753,B,638.65
6754,B,2795.49
6755,B,73.42
6756,B,887.77
6757,B,2043.98
6758,B,602.7
6759,B,1330.73
6760,B,332.49
6761,B,43.32
6762,B,1287.74
6763,B,70.03
6764,B,1170.92
6765,B,76.16
6766,B,116.54
6767,B,141.23
6768,B,184.46
6769,B,173.6
6770,B,1035.27
6771,B,87.61
6772,B,982.93
6773,B,89.41
6774,B,240.86
6775,B,457.3
6776,B,319.17
6777,B,260.69
6778,B,715.17
6779,B,2201.32
6780,B,799.19
6781,B,2034.29
6782,B,88.61
6783,B,230.42
6784,B,1138.34
6785,B,177.89
6786,B,441.13
6787,B,5454.64
6788,B,121.53
6789,B,93.16
6790,B,2009.45
6791,B,597.35
6792,B,696.46
6793,B,57.76
6794,B,241.33
6795,B,463.06
6796,B,792.08
6797,B,2511.35
6798,B,365.28
6799,B,31.15
6800,B,669.29
6801,B,827.47
6802,B,692.35
6803,B,442.01
6804,B,442.22
6805,B,888.4
6806,B,117.63
6807,B,236.38
6808,B,45.04
6809,B,121.62
6810,B,247.33
6811,B,183.24
6812,B,364.32
6813,B,172.62
6814,B,533.47
6815,B,1329.67
6816,B,264.12
6817,B,1871.79
6818,B,1296.41
6819,B,411.43
6820,B,482.45
6821,B,314.86
6822,B,932.72
6823,B,510.55
6824,B,157.85
6825,B,183.62
6826,B,700.98
6827,B,7557.67
6828,B,764.03
6829,B,107.4
6830,B,633.49
6831,B,891.35
6832,B,765.64
6833,B,1245.85
6834,B,4640.78
6835,B,788.52
6836,B,521.09
6837,B,91.87
6838,B,113.01
6839,B,575.3
6840,B,484.21
6841,B,392.31
6842,B,3189.69
6843,B,345.79
6844,B,2858.78
6845,B,239.37
6846,B,618.16
6847,B,193.72
6848,B,35.96
6849,B,797.63
6850,B,1227.81
6851,B,839.05
6852,B,677.45
6853,B,543.4
6854,B,65.68
6855,B,65.15
6856,B,461.31
6857,B,993.22
6858,B,306.91
6859,B,478.27
6860,B,3503.69
6861,B,591.32
6862,B,457.35
6863,B,223.58
6864,B,415.35
6865,B,366.73
6866,B,303.82
6867,B,2640.63
6868,B,829.22
6869,B,385.03
6870,B,3727.67
6871,B,10059.02
6872,B,800.53
6873,B,1376.5
6874,B,3174.73
6875,B,294.52
6876,B,1714.72
6877,B,447.4
6878,B,755.23
6879,B,3178.92
6880,B,391.45
6881,B,390.34
6882,B,85.81
6883,B,480.31
6884,B,1365.46
6885,B,173.82
6886,B,701.39
6887,B,282.01
6888,B,295.12
6889,B,469.59
6890,B,193.17
6891,B,1038.99
6892,B,170.39
6893,B,439.03
6894,B,1246.76
6895,B,1045.19
6896,B,792.37
6897,B,1422.0
6898,B,62.88
6899,B,130.63
6900,B,419.79
6901,B,1207.31
6902,B,307.93
6903,B,500.5
6904,B,1043.2
6905,B,211.15
6906,B,417.11
6907,B,477.52
6908,B,433.04
6909,B,413.37
6910,B,1405.5
6911,B,251.81
6912,B,931.23
6913,B,113.85
6914,B,39.96
6915,B,2387.23
6916,B,71.37
6917,B,100.69
6918,B,2705.29
6919,B,157.5
6920,B,1085.95
6921,B,1609.46
6922,B,951.36
6923,B,295.34
6924,B,1184.62
6925,B,66.95
6926,B,992.74
6927,B,899.62
6928,B,248.48
6929,B,300.93
6930,B,49.1
6931,B,517.09
6932,B,132.96
6933,B,159.31
6934,B,351.35
6935,B,3625.73
6936,B,200.15
6937,B,899.84
6938,B,655.16
6939,B,884.89
6940,B,3083.85
6941,B,214.7
6942,B,103.05
6943,B,139.33
6944,B,194.85
6945,B,259.71
6946,B,364.48
6947,B,56.14
6948,B,956.94
6949,B,2934.07
6950,B,688.18
6951,B,284.37
6952,B,737.59
6953,B,2078.32
6954,B,1811.31
6955,B,403.92
6956,B,1110.51
6957,B,188.66
6958,B,848.87
6959,B,58.05
6960,B,951.34
6961,B,210.1
6962,B,686.15
6963,B,158.99
6964,B,488.26
6965,B,84.56
6966,B,127.71
6967,B,190.9
6968,B,497.93
6969,B,1192.37
6970,B,532.87
6971,B,1542.01
6972,B,158.31
6973,B,1044.83
6974,B,1696.85
6975,B,629.28
6976,B,408.97
6977,B,96.31
6978,B,1314.87
6979,B,243.68
6980,B,23.31
6981,B,4245.85
6982,B,1467.85
6983,B,352.91
6984,B,1046.93
6985,B,305.14
6986,B,562.24
6987,B,737.38
6988,B,257.09
6989,B,201.15
6990,B,1365.5
6991,B,645.28
6992,B,432.29
6993,B,619.29
6994,B,445.19
6995,B,1246.83
6996,B,675.21
6997,B,112.15
6998,B,1045.77
6999,B,584.76
7000,B,1109.51
7001,B,545.66
7002,B,220.86
7003,B,1039.32
7004,B,702.77
7005,B,856.17
7006,B,1578.86
7007,B,189.7
7008,B,1019.02
7009,B,533.64
7010,B,930.1
7011,B,234.96
7012,B,2210.93
7013,B,575.06
7014,B,280.54
7015,B,50.44
7016,B,269.74
7017,B,72.81
7018,B,743.96
7019,B,616.16
7020,B,448.64
7021,B,1481.9
7022,B,52.75
7023,B,1313.01
7024,B,716.52
7025,B,912.45
7026,B,1310.17
7027,B,318.85
7028,B,464.92
7029,B,643.67
7030,B,85.96
7031,B,171.32
7032,B,333.03
7033,B,439.21
7034,B,524.28
7035,B,218.29
7036,B,83.39
7037,B,341.6
7038,B,2373.14
7039,B,98.67
7040,B,158.44
7041,B,182.27
7042,B,322.06
7043,B,252.34
7044,B,230.41
7045,B,156.76
7046,B,103.88
7047,B,427.29
7048,B,992.04
7049,B,722.84
7050,B,195.43
7051,B,139.93
7052,B,267.67
7053,B,1748.29
7054,B,141.88
7055,B,764.3
7056,B,186.13
7057,B,261.6
7058,B,146.37
7059,B,556.58
7060,B,59.23
7061,B,231.56
7062,B,483.86
7063,B,268.85
7064,B,627.0
7065,B,622.42
7066,B,367.01
7067,B,1030.13
7068,B,1945.74
7069,B,207.9
7070,B,962.19
7071,B,2408.15
7072,B,150.85
7073,B,387.69
7074,B,762.67
7075,B,272.53
7076,B,278.4
7077,B,568.14
7078,B,165.77
7079,B,492.97
7080,B,411.23
7081,B,424.72
7082,B,608.66
7083,B,203.45
7084,B,80.86
7085,B,655.8
7086,B,3080.18
7087,B,415.29
7088,B,1641.83
7089,B,904.66
7090,B,1448.81
7091,B,372.29
7092,B,1207.78
7093,B,750.42
7094,B,448.62
7095,B,233.28
7096,B,231.47
7097,B,522.07
7098,B,315.15
7099,B,762.5
7100,B,809.02
7101,B,3388.74
7102,B,1330.82
7103,B,418.18
7104,B,314.58
7105,B,1596.97
7106,B,585.18
7107,B,587.02
7108,B,1536.47
7109,B,47.63
7110,B,117.32
7111,B,611.97
7112,B,136.5
7113,B,2077.28
7114,B,79.13
7115,B,490.48
7116,B,858.26
7117,B,987.38
7118,B,2052.06
7119,B,611.32
7120,B,162.42
7121,B,739.15
7122,B,987.2
7123,B,1390.14
7124,B,2958.03
7125,B,399.53
7126,B,1173.15
7127,B,7185.83
7128,B,656.88
7129,B,289.1
7130,B,237.73
7131,B,151.79
7132,B,243.92
7133,B,105.25
7134,B,442.72
7135,B,127.67
7136,B,343.47
7137,B,529.98
7138,B,176.65
7139,B,470.27
7140,B,768.56
7141,B,344.96
7142,B,52.5
7143,B,111.1
7144,B,553.83
7145,B,556.77
7146,B,659.66
7147,B,307.27
7148,B,381.88
7149,B,376.56
7150,B,819.64
7151,B,164.68
7152,B,278.38
7153,B,424.54
7154,B,504.42
7155,B,417.4
7156,B,194.38
7157,B,601.76
7158,B,274.74
7159,B,349.9
7160,B,5614.9
7161,B,471.44
7162,B,970.3
7163,B,502.79
7164,B,175.55
7165,B,388.37
7166,B,2981.67
7167,B,4208.79
7168,B,124.7
7169,B,5554.9
7170,B,708.49
7171,B,1001.01
7172,B,647.36
7173,B,192.66
7174,B,227.98
7175,B,1174.77
7176,B,508.44
7177,B,418.85
7178,B,250.85
7179,B,617.78
7180,B,3988.58
7181,B,286.48
7182,B,2695.28
7183,B,1251.72
7184,B,59.88
7185,B,1278.55
7186,B,64.19
7187,B,68.34
7188,B,1197.5
7189,B,838.19
7190,B,1000.1
7191,B,191.03
7192,B,149.96
7193,B,698.48
7194,B,2025.13
7195,B,840.33
7196,B,1560.24
7197,B,1720.56
7198,B,292.36
7199,B,507.34
7200,B,426.89
7201,B,574.1
7202,B,459.58
7203,B,1210.7
7204,B,196.53
7205,B,276.32
7206,B,53.38
7207,B,2832.59
7208,B,776.27
7209,B,654.75
7210,B,242.18
7211,B,214.93
7212,B,266.83
7213,B,187.59
7214,B,943.97
7215,B,187.94
7216,B,184.82
7217,B,705.83
7218,B,276.71
7219,B,429.86
7220,B,2234.57
7221,B,123.87
7222,B,734.66
7223,B,822.71
7224,B,826.05
7225,B,1357.74
7226,B,198.6
7227,B,2800.88
7228,B,87.28
7229,B,818.95
7230,B,2775.89
7231,B,333.25
7232,B,1973.84
7233,B,483.68
7234,B,1977.55
7235,B,1312.84
7236,B,2831.67
7237,B,868.1
7238,B,127.57
7239,B,1214.12
7240,B,412.01
7241,B,1313.69
7242,B,927.57
7243,B,46.26
7244,B,290.14
7245,B,425.05
7246,B,224.15
7247,B,245.55
7248,B,2891.23
7249,B,309.92
7250,B,182.47
7251,B,1080.26
7252,B,472.18
7253,B,222.69
7254,B,233.8
7255,B,1038.32
7256,B,9514.16
7257,B,3085.65
7258,B,596.97
7259,B,394.75
7260,B,205.17
7261,B,689.65
7262,B,19.57
7263,B,319.92
7264,B,272.93
7265,B,269.18
7266,B,2355.42
7267,B,1642.32
7268,B,42.18
7269,B,935.57
7270,B,1565.16
7271,B,1926.95
7272,B,35.93
7273,B,367.46
7274,B,410.8
7275,B,491.21
7276,B,599.58
7277,B,807.81
7278,B,476.63
7279,B,106.25
7280,B,658.92
7281,B,185.64
7282,B,170.49
7283,B,827.11
7284,B,416.74
7285,B,610.8
7286,B,930.71
7287,B,2600.71
7288,B,649.32
7289,B,138.74
7290,B,3123.71
7291,B,144.13
7292,B,1050.76
7293,B,267.94
7294,B,126.39
7295,B,1053.57
7296,B,4982.66
7297,B,155.36
7298,B,263.93
7299,B,128.38
7300,B,609.84
7301,B,72.07
7302,B,1644.87
7303,B,1577.73
7304,B,373.69
7305,B,415.78
7306,B,1116.18
7307,B,512.66
7308,B,469.13
7309,B,130.68
7310,B,487.88
7311,B,490.76
7312,B,266.02
7313,B,152.25
7314,B,2513.75
7315,B,366.22
7316,B,511.64
7317,B,65.23
7318,B,625.96
7319,B,4158.91
7320,B,357.58
7321,B,222.63
7322,B,1197.12
7323,B,241.63
7324,B,80.23
7325,B,84.68
7326,B,145.61
7327,B,550.67
7328,B,758.65
7329,B,521.27
7330,B,2415.04
7331,B,940.98
7332,B,45.39
7333,B,317.97
7334,B,557.87
7335,B,289.94
7336,B,632.29
7337,B,448.96
7338,B,242.09
7339,B,921.26
7340,B,730.68
7341,B,757.15
7342,B,1759.79
7343,B,157.7
7344,B,593.68
7345,B,675.28
7346,B,297.15
7347,B,783.92
7348,B,430.48
7349,B,303.31
7350,B,618.55
7351,B,77.31
7352,B,13270.62
7353,B,502.64
7354,B,335.54
7355,B,699.58
7356,B,528.23
7357,B,579.36
7358,B,496.69
7359,B,264.94
7360,B,100.96
7361,B,3508.44
7362,B,82.84
7363,B,146.33
7364,B,1609.54
7365,B,747.54
7366,B,444.97
7367,B,1580.12
7368,B,838.93
7369,B,1274.75
7370,B,99.87
7371,B,172.68
7372,B,134.72
7373,B,407.42
7374,B,900.46
7375,B,445.62
7376,B,399.49
7377,B,143.47
7378,B,4563.75
7379,B,329.22
7380,B,321.59
7381,B,956.77
7382,B,961.3
7383,B,85.49
7384,B,1500.38
7385,B,1691.39
7386,B,670.33
7387,B,1832.16
7388,B,111.3
7389,B,255.09
7390,B,347.96
7391,B,635.61
7392,B,1545.98
7393,B,123.19
7394,B,304.51
7395,B,1203.28
7396,B,296.37
7397,B,231.42
7398,B,254.37
7399,B,308.72
7400,B,234.11
7401,B,64.51
7402,B,383.28
7403,B,553.66
7404,B,303.77
7405,B,963.11
7406,B,160.27
7407,B,106.61
7408,B,670.06
7409,B,273.23
7410,B,763.58
7411,B,47.82
7412,B,227.41
7413,B,24.69
7414,B,117.36
7415,B,2494.26
7416,B,1377.54
7417,B,111.9
7418,B,390.44
7419,B,1172.8
7420,B,1318.18
7421,B,228.38
7422,B,289.67
7423,B,811.66
7424,B,201.46
7425,B,502.77
7426,B,180.09
7427,B,713.43
7428,B,585.16
7429,B,7646.44
7430,B,334.79
7431,B,609.56
7432,B,321.05
7433,B,293.26
7434,B,708.94
7435,B,359.0
7436,B,49.11
7437,B,748.72
7438,B,389.69
7439,B,341.87
7440,B,359.82
7441,B,910.21
7442,B,841.78
7443,B,701.7
7444,B,768.79
7445,B,1966.03
7446,B,988.49
7447,B,540.08
7448,B,583.63
7449,B,243.61
7450,B,1872.91
7451,B,201.74
7452,B,352.2
7453,B,502.79
7454,B,105.47
7455,B,442.82
7456,B,394.84
7457,B,325.42
7458,B,599.42
7459,B,3317.0
7460,B,2516.12
7461,B,89.57
7462,B,330.5
7463,B,756.34
7464,B,326.02
7465,B,2894.1
7466,B,2485.87
7467,B,126.28
7468,B,18.97
7469,B,623.58
7470,B,141.82
7471,B,937.7
7472,B,90.53
7473,B,269.52
7474,B,1751.13
7475,B,549.8
7476,B,268.36
7477,B,943.76
7478,B,704.39
7479,B,777.22
7480,B,590.05
7481,B,158.09
7482,B,384.83
7483,B,166.29
7484,B,800.06
7485,B,1673.64
7486,B,1797.92
7487,B,180.06
7488,B,219.94
7489,B,205.17
7490,B,1090.32
7491,B,261.87
7492,B,684.24
7493,B,1493.33
7494,B,187.36
7495,B,180.64
7496,B,990.61
7497,B,606.69
7498,B,115.37
7499,B,885.29
7500,B,1478.63
7501,B,245.13
7502,B,131.32
7503,B,764.62
7504,B,586.2
7505,B,661.09
7506,B,84.35
7507,B,192.75
7508,B,368.22
7509,B,382.79
7510,B,6355.46
7511,B,2461.54
7512,B,2030.32
7513,B,54.19
7514,B,203.29
7515,B,621.07
7516,B,1188.63
7517,B,18.08
7518,B,3285.0
7519,B,289.63
7520,B,3582.82
7521,B,3299.09
7522,B,1386.96
7523,B,237.45
7524,B,535.17
7525,B,570.43
7526,B,48.91
7527,B,144.87
7528,B,1393.74
7529,B,3543.17
7530,B,834.44
7531,B,1323.07
7532,B,5387.51
7533,B,624.14
7534,B,584.57
7535,B,317.94
7536,B,1022.85
7537,B,302.39
7538,B,437.08
7539,B,782.39
7540,B,589.32
7541,B,914.0
7542,B,170.66
7543,B,375.98
7544,B,1191.64
7545,B,432.16
7546,B,109.88
7547,B,385.74
7548,B,172.65
7549,B,96.27
7550,B,141.96
7551,B,292.1
7552,B,7057.51
7553,B,257.62
7554,B,1376.09
7555,B,768.15
7556,B,96.5
7557,B,79.18
7558,B,741.0
7559,B,1611.51
7560,B,379.27
7561,B,400.05
7562,B,180.89
7563,B,282.77
7564,B,1461.62
7565,B,107.09
7566,B,170.28
7567,B,138.64
7568,B,1354.45
7569,B,1733.83
7570,B,198.48
7571,B,441.86
7572,B,482.76
7573,B,411.69
7574,B,215.04
7575,B,62.23
7576,B,129.66
7577,B,140.34
7578,B,557.48
7579,B,326.13
7580,B,323.92
7581,B,202.92
7582,B,203.43
7583,B,85.93
7584,B,136.7
7585,B,107.62
7586,B,217.19
7587,B,289.69
7588,B,3175.76
7589,B,364.93
7590,B,151.91
7591,B,458.85
7592,B,195.11
7593,B,887.35
7594,B,461.29
7595,B,211.21
7596,B,117.35
7597,B,703.4
7598,B,301.91
7599,B,2589.69
7600,B,98.98
7601,B,536.58
7602,B,315.75
7603,B,992.82
7604,B,726.97
7605,B,150.24
7606,B,3225.07
7607,B,380.46
7608,B,306.76
7609,B,639.2
7610,B,1378.44
7611,B,235.5
7612,B,96.05
7613,B,887.96
7614,B,662.84
7615,B,495.05
7616,B,388.16
7617,B,106.86
7618,B,375.2
7619,B,466.38
7620,B,174.09
7621,B,1100.71
7622,B,1260.57
7623,B,156.18
7624,B,1427.65
7625,B,157.32
7626,B,214.17
7627,B,219.65
7628,B,76.44
7629,B,27.29
7630,B,598.27
7631,B,168.99
7632,B,943.08
7633,B,271.65
7634,B,72.31
7635,B,223.9
7636,B,476.66
7637,B,1470.64
7638,B,385.13
7639,B,606.53
7640,B,1465.02
7641,B,1110.71
7642,B,745.15
7643,B,814.63
7644,B,1010.83
7645,B,263.01
7646,B,152.27
7647,B,283.91
7648,B,3086.63
7649,B,1449.24
7650,B,1124.84
7651,B,727.07
7652,B,1845.97
7653,B,83.28
7654,B,599.37
7655,B,141.74
7656,B,2460.46
7657,B,172.65
7658,B,31.47
7659,B,329.45
7660,B,687.55
7661,B,1096.56
7662,B,283.56
7663,B,176.93
7664,B,243.17
7665,B,337.45
7666,B,472.58
7667,B,41.83
7668,B,241.99
7669,B,369.02
7670,B,713.27
7671,B,152.34
7672,B,113.45
7673,B,210.76
7674,B,334.2
7675,B,166.49
7676,B,122.68
7677,B,4524.31
7678,B,856.05
7679,B,1207.42
7680,B,1443.54
7681,B,127.74
7682,B,51.65
7683,B,364.46
7684,B,1044.11
7685,B,61.61
7686,B,221.82
7687,B,326.47
7688,B,819.1
7689,B,2068.6
7690,B,185.1
7691,B,238.43
7692,B,260.06
7693,B,66.07
7694,B,592.56
7695,B,309.58
7696,B,302.57
7697,B,218.17
7698,B,1808.07
7699,B,318.32
7700,B,1185.51
7701,B,190.64
7702,B,87.83
7703,B,76.71
7704,B,306.69
7705,B,497.68
7706,B,3221.72
7707,B,321.82
7708,B,442.07
7709,B,6080.04
7710,B,481.17
7711,B,39.35
7712,B,98.1
7713,B,469.0
7714,B,418.07
7715,B,108.15
7716,B,155.25
7717,B,348.19
7718,B,100.02
7719,B,54.21
7720,B,1361.05
7721,B,720.19
7722,B,1053.29
7723,B,166.69
7724,B,999.47
7725,B,2579.67
7726,B,55.5
7727,B,204.66
7728,B,2053.74
7729,B,199.39
7730,B,579.3
7731,B,133.72
7732,B,3555.94
7733,B,1485.84
7734,B,2159.1
7735,B,254.41
7736,B,3205.26
7737,B,106.67
7738,B,7988.99
7739,B,73.96
7740,B,307.72
7741,B,31.75
7742,B,450.74
7743,B,234.47
7744,B,594.97
7745,B,26.67
7746,B,899.76
7747,B,197.45
7748,B,711.77
7749,B,76.48
7750,B,74.13
7751,B,283.48
7752,B,472.89
7753,B,280.19
7754,B,1732.06
7755,B,771.75
7756,B,95.46
7757,B,3371.46
7758,B,854.85
7759,B,45.8
7760,B,133.8
7761,B,621.19
7762,B,140.53
7763,B,1449.75
7764,B,50.06
7765,B,824.14
7766,B,3257.99
7767,B,2008.42
7768,B,1099.58
7769,B,285.49
7770,B,172.8
7771,B,1169.89
7772,B,599.99
7773,B,333.9
7774,B,2624.97
7775,B,1524.35
7776,B,280.64
7777,B,1443.72
7778,B,448.05
7779,B,245.67
7780,B,566.34
7781,B,118.51
7782,B,285.98
7783,B,1240.98
7784,B,738.8
7785,B,457.61
7786,B,1440.78
7787,B,257.0
7788,B,95.66
7789,B,153.72
7790,B,3562.19
7791,B,923.34
7792,B,4266.96
7793,B,129.33
7794,B,143.86
7795,B,1235.26
7796,B,793.23
7797,B,551.61
7798,B,137.95
7799,B,333.51
7800,B,544.71
7801,B,63.63
7802,B,401.88
7803,B,223.28
7804,B,207.19
7805,B,3206.62
7806,B,523.68
7807,B,206.45
7808,B,671.09
7809,B,6584.45
7810,B,274.61
7811,B,115.66
7812,B,515.8
7813,B,199.02
7814,B,569.02
7815,B,293.85
7816,B,3541.44
7817,B,817.58
7818,B,397.91
7819,B,62.4
7820,B,382.92
7821,B,781.96
7822,B,2108.82
7823,B,35.51
7824,B,283.41
7825,B,1871.81
7826,B,357.36
7827,B,41.07
7828,B,833.02
7829,B,271.35
7830,B,668.86
7831,B,388.91
7832,B,131.47
7833,B,1094.52
7834,B,472.32
7835,B,282.0
7836,B,3113.69
7837,B,792.25
7838,B,231.71
7839,B,486.62
7840,B,2409.84
7841,B,508.38
7842,B,132.44
7843,B,434.91
7844,B,2500.16
7845,B,619.39
7846,B,88.25
7847,B,859.12
7848,B,178.79
7849,B,687.6
7850,B,568.15
7851,B,93.09
7852,B,359.03
7853,B,435.56
7854,B,531.6
7855,B,176.49
7856,B,251.96
7857,B,642.11
7858,B,386.69
7859,B,261.85
7860,B,103.18
7861,B,2230.01
7862,B,267.2
7863,B,993.79
7864,B,188.77
7865,B,104.33
7866,B,1315.38
7867,B,1785.47
7868,B,595.03
7869,B,1049.03
7870,B,1031.07
7871,B,2568.84
7872,B,1858.25
7873,B,313.5
7874,B,902.37
7875,B,549.17
7876,B,6.63
7877,B,776.64
7878,B,3361.11
7879,B,402.02
7880,B,171.41
7881,B,827.47
7882,B,887.19
7883,B,26.95
7884,B,674.3
7885,B,291.15
7886,B,306.04
7887,B,583.55
7888,B,92.18
7889,B,955.04
7890,B,57.91
7891,B,1525.9
7892,B,309.12
7893,B,185.45
7894,B,60.69
7895,B,372.73
7896,B,399.25
7897,B,52.48
7898,B,46.99
7899,B,154.97
7900,B,950.83
7901,B,2425.67
7902,B,677.44
7903,B,1927.62
7904,B,951.64
7905,B,91.81
7906,B,864.73
7907,B,55.42
7908,B,304.47
7909,B,179.15
7910,B,103.14
7911,B,55.61
7912,B,597.27
7913,B,282.07
7914,B,1399.86
7915,B,621.82
7916,B,335.77
7917,B,350.92
7918,B,136.32
7919,B,220.93
7920,B,467.4
7921,B,1061.28
7922,B,506.51
7923,B,384.47
7924,B,251.14
7925,B,418.25
7926,B,5514.02
7927,B,318.94
7928,B,2464.2
7929,B,1542.1
7930,B,1202.41
7931,B,521.59
7932,B,1558.4
7933,B,159.98
7934,B,282.41
7935,B,281.86
7936,B,809.32
7937,B,413.46
7938,B,226.89
7939,B,900.52
7940,B,1043.65
7941,B,99.05
7942,B,174.84
7943,B,382.75
7944,B,3200.29
7945,B,207.99
7946,B,235.82
7947,B,74.28
7948,B,3051.25
7949,B,6442.36
7950,B,152.13
7951,B,7561.35
7952,B,636.86
7953,B,377.53
7954,B,795.07
7955,B,150.67
7956,B,1431.09
7957,B,194.16
7958,B,107.78
7959,B,684.83
7960,B,114.8
7961,B,2578.18
7962,B,217.61
7963,B,875.16
7964,B,194.58
7965,B,429.75
7966,B,435.71
7967,B,111.6
7968,B,750.32
7969,B,4572.36
7970,B,1157.7
7971,B,183.9
7972,B,242.22
7973,B,868.34
7974,B,92.98
7975,B,297.52
7976,B,482.04
7977,B,711.24
7978,B,859.59
7979,B,782.81
7980,B,1135.69
7981,B,7575.5
7982,B,5826.14
7983,B,758.29
7984,B,565.47
7985,B,402.21
7986,B,140.27
7987,B,998.48
7988,B,700.21
7989,B,467.65
7990,B,323.42
7991,B,942.8
7992,B,1857.13
7993,B,150.05
7994,B,1386.65
7995,B,830.4
7996,B,131.43
7997,B,56.81
7998,B,125.94
7999,B,808.84
8000,B,1691.14
